"Address","Content Type","Status Code","Status","Indexability","Indexability Status","Title 1","Title 1 Length","Title 1 Pixel Width","Meta Description 1","Meta Description 1 Length","Meta Description 1 Pixel Width","Meta Keywords 1","Meta Keywords 1 Length","H1-1","H1-1 Length","H2-1","H2-1 Length","H2-2","H2-2 Length","Meta Robots 1","X-Robots-Tag 1","Meta Refresh 1","Canonical Link Element 1","rel=""next"" 1","rel=""prev"" 1","HTTP rel=""next"" 1","HTTP rel=""prev"" 1","amphtml Link Element","Size (bytes)","Word Count","Text Ratio","Crawl Depth","Link Score","Inlinks","Unique Inlinks","% of Total","Outlinks","Unique Outlinks","External Outlinks","Unique External Outlinks","Closest Similarity Match","No. Near Duplicates","Spelling Errors","Grammar Errors","Hash","Response Time","Last Modified","Redirect URL","Redirect Type","Cookies","HTTP Version","URL Encoded Address","Crawl Timestamp"
"https://uzfutbolka.ru/","text/html; charset=UTF-8","200","OK","Indexable","","Одежда для принта оптом от производителя в интернет-магазине Uzfutbolka.ru","74","724","Качественная одежда оптом от производителя Uzfutbolka.ru в Москве. Бейсболки, футболки, лонгсливы, свитшоты, худи. Выгодные цены. Доставка по всей России.","154","1087","","0","Одежда оптом для принтов от производителя","41","Услуги","6","Почему нас рекомендуют","22","max-snippet:-1, max-image-preview:large, max-video-preview:-1","","","https://uzfutbolka.ru/","","","","","","510814","533","0,833","0","","45","26","100,000","58","41","0","0","","","","","5488680e9078c0cccb809053d21de73f","2,529","Mon, 01 Mar 2021 09:17:31 GMT","","","","HTTP/1.1","https://uzfutbolka.ru/","2022-02-18 08:46:21"
"https://uzfutbolka.ru/pechat-na-tkani-na-zakaz/","text/html; charset=UTF-8","200","OK","Indexable","","Печать на одежде на заказ в Москве по выгодным ценам - Uzfutbolka.ru","68","662","Быстрая и качественная печать на одежде оптом в Москве. Звоните. Качественные краски и современное оборудование. Доставка по всей России.","137","983","","0","Печать","6","Разновидности печати","20","Прайс на нанесение","18","max-snippet:-1, max-image-preview:large, max-video-preview:-1","","","https://uzfutbolka.ru/pechat-na-tkani-na-zakaz/","","","","","","479126","611","0,930","1","","51","26","100,000","46","41","0","0","","","","","a5eded522e1f7c5d76547f657173fc69","1,144","Mon, 29 Mar 2021 12:13:56 GMT","","","","HTTP/1.1","https://uzfutbolka.ru/pechat-na-tkani-na-zakaz/","2022-02-18 08:46:24"
"https://uzfutbolka.ru/product-category/svitshoty","text/html; charset=UTF-8","301","Moved Permanently","Non-Indexable","Redirected","","0","0","","0","0","","0","","0","","0","","0","","","","","","","","","","0","0","0,000","1","","26","26","100,000","0","0","0","0","","","","","","1,115","","https://uzfutbolka.ru/product-category/svitshoty/","HTTP Redirect","","HTTP/1.1","https://uzfutbolka.ru/product-category/svitshoty","2022-02-18 08:46:26"
"https://uzfutbolka.ru/product-category/promo-odezhda","text/html; charset=UTF-8","301","Moved Permanently","Non-Indexable","Redirected","","0","0","","0","0","","0","","0","","0","","0","","","","","","","","","","0","0","0,000","1","","25","25","96,150","0","0","0","0","","","","","","1,628","","https://uzfutbolka.ru/product-category/promo-odezhda/","HTTP Redirect","","HTTP/1.1","https://uzfutbolka.ru/product-category/promo-odezhda","2022-02-18 08:46:27"
"https://uzfutbolka.ru/product/muzhskaya-tolstovka-na-molnii-chernaya/","text/html; charset=UTF-8","200","OK","Indexable","","Мужская толстовка на молнии черная - Uzfutbolka","47","457","","0","0","","0","Мужская толстовка на молнии черная","34","","0","","0","max-snippet:-1, max-image-preview:large, max-video-preview:-1","","","https://uzfutbolka.ru/product/muzhskaya-tolstovka-na-molnii-chernaya/","","","","","","590245","285","0,403","1","","10","4","15,380","61","41","0","0","","","","","b4d874bc2c94c50c2dbc5db1c9085fa9","5,367","Sun, 07 Nov 2021 22:21:47 GMT","","","","HTTP/1.1","https://uzfutbolka.ru/product/muzhskaya-tolstovka-na-molnii-chernaya/","2022-02-18 08:46:24"
"https://uzfutbolka.ru/prajs-list/","text/html; charset=UTF-8","200","OK","Indexable","","Оптовый прайс-лист на мужскую и женскую одежду - Uzfutbolka.ru","62","607","Одежда по оптовым ценам. Футболки, свитшоты, худи, лонгсливы. Выгодные цены на товары для женщин и мужчин. Доставка по всей России.","131","950","","0","Прайс лист","10","","0","","0","max-snippet:-1, max-image-preview:large, max-video-preview:-1","","","https://uzfutbolka.ru/prajs-list/","","","","","","471879","617","0,828","1","","51","26","100,000","35","30","0","0","","","","","96358185fad5d44aa96d32045d3aa93f","6,710","Fri, 21 Jan 2022 08:44:08 GMT","","","","HTTP/1.1","https://uzfutbolka.ru/prajs-list/","2022-02-18 08:46:24"
"https://uzfutbolka.ru/wp-content/plugins/lazy-load-optimizer/assets/frontend/js/lazysizes.min.js","","0","Blocked by robots.txt","Non-Indexable","Blocked by robots.txt","","0","0","","0","0","","0","","0","","0","","0","","","","","","","","","","0","0","0,000","1","","0","0","0,000","0","0","0","0","","","","","","","","","","","None","https://uzfutbolka.ru/wp-content/plugins/lazy-load-optimizer/assets/frontend/js/lazysizes.min.js","2022-02-18 08:46:32"
"https://uzfutbolka.ru/wp-content/themes/bono/assets/css/my_style.css?v=1.5","text/css","200","OK","Indexable","","","0","0","","0","0","","0","","0","","0","","0","","","","","","","","","","0","0","0,000","1","","0","0","0,000","0","0","0","0","","","","","","0,025","Thu, 27 Jan 2022 09:40:45 GMT","","","","HTTP/1.1","https://uzfutbolka.ru/wp-content/themes/bono/assets/css/my_style.css?v=1.5","2022-02-18 08:46:32"
"https://uzfutbolka.ru/product-category/longslivy","text/html; charset=UTF-8","301","Moved Permanently","Non-Indexable","Redirected","","0","0","","0","0","","0","","0","","0","","0","","","","","","","","","","0","0","0,000","1","","26","26","100,000","0","0","0","0","","","","","","1,241","","https://uzfutbolka.ru/product-category/longslivy/","HTTP Redirect","","HTTP/1.1","https://uzfutbolka.ru/product-category/longslivy","2022-02-18 08:46:30"
"https://uzfutbolka.ru/blog","text/html; charset=UTF-8","301","Moved Permanently","Non-Indexable","Redirected","","0","0","","0","0","","0","","0","","0","","0","","","","","","","","","","0","0","0,000","1","","26","26","100,000","0","0","0","0","","","","","","1,193","","https://uzfutbolka.ru/blog/","HTTP Redirect","","HTTP/1.1","https://uzfutbolka.ru/blog","2022-02-18 08:46:32"
"https://uzfutbolka.ru/product/longsliv-muzhskoy-belyy/","text/html; charset=UTF-8","200","OK","Indexable","","Лонгслив мужской белый - Uzfutbolka","35","338","","0","0","","0","Лонгслив мужской белый","22","","0","","0","max-snippet:-1, max-image-preview:large, max-video-preview:-1","","","https://uzfutbolka.ru/product/longsliv-muzhskoy-belyy/","","","","","","529082","170","0,292","1","","7","3","11,540","60","41","0","0","","","","","177b646fbe907a800ec231d6ce167bc0","8,993","Wed, 20 Oct 2021 16:47:10 GMT","","","","HTTP/1.1","https://uzfutbolka.ru/product/longsliv-muzhskoy-belyy/","2022-02-18 08:46:24"
"https://uzfutbolka.ru/product-category/tolstovki/","text/html; charset=UTF-8","200","OK","Indexable","","Купить толстовки оптом от производителя в Москве","48","480","Закажите пошив толстовок оптом на нашем производстве необходимых цветов и размеров, с капюшоном и без.","102","746","","0","Толстовки","9","","0","","0","max-snippet:-1, max-image-preview:large, max-video-preview:-1","","","https://uzfutbolka.ru/product-category/tolstovki/","","","","","","492227","142","0,285","1","","30","26","100,000","51","38","0","0","","","","","d37ace28ee96bb065466267bdf50402a","3,205","Sun, 07 Nov 2021 22:15:31 GMT","","","","HTTP/1.1","https://uzfutbolka.ru/product-category/tolstovki/","2022-02-18 08:46:34"
"https://uzfutbolka.ru/?page_id=10098","","0","Blocked by robots.txt","Non-Indexable","Blocked by robots.txt","","0","0","","0","0","","0","","0","","0","","0","","","","","","","","","","0","0","0,000","1","","26","26","100,000","0","0","0","0","","","","","","","","","","","None","https://uzfutbolka.ru/?page_id=10098","2022-02-18 08:46:37"
"https://uzfutbolka.ru/product/beysbolka-tyomno-seraya/","text/html; charset=UTF-8","200","OK","Indexable","","Бейсболка тёмно-серая - Uzfutbolka","34","328","","0","0","","0","Бейсболка тёмно-серая","21","","0","","0","max-snippet:-1, max-image-preview:large, max-video-preview:-1","","","https://uzfutbolka.ru/product/beysbolka-tyomno-seraya/","","","","","","523193","180","0,329","1","","35","15","57,690","63","44","0","0","","","","","7644cf8628ab163c5bf6d9eb14935757","12,989","Sun, 07 Nov 2021 21:39:08 GMT","","","","HTTP/1.1","https://uzfutbolka.ru/product/beysbolka-tyomno-seraya/","2022-02-18 08:46:24"
"https://uzfutbolka.ru/razmernye-setki/","text/html; charset=UTF-8","200","OK","Indexable","","Размерные сетки мужской и женской одежды от компании Uzfutbolka.ru","66","651","Размерные сетки мужской, женской и детской одежды от компании Uzfutbolka.ru. Доставка по всей России. Есть вопросы? Звоните!","124","875","","0","Размерные сетки","15","Мужские футболки","16","Женские футболки классика","25","max-snippet:-1, max-image-preview:large, max-video-preview:-1","","","https://uzfutbolka.ru/razmernye-setki/","","","","","","474397","655","0,755","1","","51","26","100,000","34","29","0","0","","","","","7a3797072467cf23cf8a277006323a2c","1,526","Wed, 20 Jan 2021 07:30:42 GMT","","","","HTTP/1.1","https://uzfutbolka.ru/razmernye-setki/","2022-02-18 08:46:37"
"https://uzfutbolka.ru/politika-konfidencialnosti-personalnyh-dannyh/","text/html; charset=UTF-8","200","OK","Non-Indexable","noindex","Политика конфиденциальности персональных данных - Uzfutbolka.ru","63","623","Пользователь дает своё согласие с положениями настоящей Политики конфиденциальности на любом этапе регистрации, оформления заказа, отправление формы обратной связи и любыми другими моментами пользования сайтом Uzfutbolka.ru","223","1649","","0","Политика конфиденциальности персональных данных","47","1. Определение терминов","23","2. Общие положения","18","noindex,follow","","","","","","","","","494586","1798","3,275","1","","26","26","100,000","35","29","0","0","","","","","ea8b992cc2addd755fae97189aaee3b9","1,158","Wed, 31 Mar 2021 08:00:44 GMT","","","","HTTP/1.1","https://uzfutbolka.ru/politika-konfidencialnosti-personalnyh-dannyh/","2022-02-18 08:46:38"
"https://uzfutbolka.ru/wp-content/plugins/woocommerce/assets/js/jquery-blockui/jquery.blockUI.min.js","","0","Blocked by robots.txt","Non-Indexable","Blocked by robots.txt","","0","0","","0","0","","0","","0","","0","","0","","","","","","","","","","0","0","0,000","1","","0","0","0,000","0","0","0","0","","","","","","","","","","","None","https://uzfutbolka.ru/wp-content/plugins/woocommerce/assets/js/jquery-blockui/jquery.blockUI.min.js","2022-02-18 08:46:39"
"https://uzfutbolka.ru/product-category/futbolki","text/html; charset=UTF-8","301","Moved Permanently","Non-Indexable","Redirected","","0","0","","0","0","","0","","0","","0","","0","","","","","","","","","","0","0","0,000","1","","26","26","100,000","0","0","0","0","","","","","","0,710","","https://uzfutbolka.ru/product-category/futbolki/","HTTP Redirect","","HTTP/1.1","https://uzfutbolka.ru/product-category/futbolki","2022-02-18 08:46:39"
"https://uzfutbolka.ru/product-category/beysbolki/","text/html; charset=UTF-8","200","OK","Indexable","","Бейсболки оптом от производителя купить в Москве","48","482","Купить бейсболки оптом от производителя Uzfutbolka.ru. Гарантия качества по выгодным ценам. Доставка по всей России. Звоните.","125","882","","0","Бейсболки оптом","15","","0","","0","max-snippet:-1, max-image-preview:large, max-video-preview:-1","","","https://uzfutbolka.ru/product-category/beysbolki/","https://uzfutbolka.ru/product-category/beysbolki/page/2/","","","","","515291","180","0,316","1","","33","26","100,000","65","44","0","0","","","","","230397b34c10be7ca3eaa2e8a3f27eb0","13,409","Sun, 07 Nov 2021 21:11:10 GMT","","","","HTTP/1.1","https://uzfutbolka.ru/product-category/beysbolki/","2022-02-18 08:46:29"
"https://uzfutbolka.ru/product-category/kozyrki/","text/html; charset=UTF-8","200","OK","Indexable","","Купить козырьки бейсболки оптом от производителя Uzfutbolka.ru","62","601","Купить козырьки бейсболки оптом в Москве от производителя Uzfutbolka.ru. Гарантия качества по выгодным ценам. Доставка по всей России. Звоните.","143","1008","","0","Козырьки","8","","0","","0","max-snippet:-1, max-image-preview:large, max-video-preview:-1","","","https://uzfutbolka.ru/product-category/kozyrki/","","","","","","485112","84","0,210","1","","29","26","100,000","47","41","0","0","","","","","c816184b20ecfb964c81d74612134947","2,791","Thu, 16 Sep 2021 10:26:49 GMT","","","","HTTP/1.1","https://uzfutbolka.ru/product-category/kozyrki/","2022-02-18 08:46:40"
"https://uzfutbolka.ru/wp-content/uploads/2021/01/logo.png","image/png","200","OK","Indexable","","","0","0","","0","0","","0","","0","","0","","0","","","","","","","","","","15416","0","0,000","1","","0","0","0,000","0","0","0","0","","","","","","0,028","Fri, 19 Feb 2021 20:03:46 GMT","","","","HTTP/1.1","https://uzfutbolka.ru/wp-content/uploads/2021/01/logo.png","2022-02-18 08:46:43"
"https://uzfutbolka.ru/wp-includes/js/jquery/jquery.js","","0","Blocked by robots.txt","Non-Indexable","Blocked by robots.txt","","0","0","","0","0","","0","","0","","0","","0","","","","","","","","","","0","0","0,000","1","","0","0","0,000","0","0","0","0","","","","","","","","","","","None","https://uzfutbolka.ru/wp-includes/js/jquery/jquery.js","2022-02-18 08:46:43"
"https://uzfutbolka.ru/wp-content/plugins/woocommerce/assets/js/zoom/jquery.zoom.min.js","","0","Blocked by robots.txt","Non-Indexable","Blocked by robots.txt","","0","0","","0","0","","0","","0","","0","","0","","","","","","","","","","0","0","0,000","1","","0","0","0,000","0","0","0","0","","","","","","","","","","","None","https://uzfutbolka.ru/wp-content/plugins/woocommerce/assets/js/zoom/jquery.zoom.min.js","2022-02-18 08:46:43"
"https://uzfutbolka.ru/product/muzhskaya-tolstovka-na-molnii-biryuzovaya/","text/html; charset=UTF-8","200","OK","Indexable","","Мужская толстовка на молнии бирюзовая - Uzfutbolka","50","493","","0","0","","0","Мужская толстовка на молнии бирюзовая","37","","0","","0","max-snippet:-1, max-image-preview:large, max-video-preview:-1","","","https://uzfutbolka.ru/product/muzhskaya-tolstovka-na-molnii-biryuzovaya/","","","","","","593665","290","0,419","1","","8","3","11,540","62","41","0","0","","","","","45b40924f94e808ecb855e5040112260","4,790","Sun, 07 Nov 2021 22:22:50 GMT","","","","HTTP/1.1","https://uzfutbolka.ru/product/muzhskaya-tolstovka-na-molnii-biryuzovaya/","2022-02-18 08:46:39"
"https://uzfutbolka.ru/product/beysbolka-chernaya/","text/html; charset=UTF-8","200","OK","Indexable","","Бейсболка черная - Uzfutbolka","29","277","","0","0","","0","Бейсболка черная","16","","0","","0","max-snippet:-1, max-image-preview:large, max-video-preview:-1","","","https://uzfutbolka.ru/product/beysbolka-chernaya/","","","","","","527058","180","0,324","1","","7","3","11,540","66","47","0","0","","","","","c2caff058f200d54f8aea5fe45816277","6,038","Sun, 07 Nov 2021 20:54:31 GMT","","","","HTTP/1.1","https://uzfutbolka.ru/product/beysbolka-chernaya/","2022-02-18 08:46:43"
"https://uzfutbolka.ru/product/muzhskaya-tolstovka-na-molnii-melanzh/","text/html; charset=UTF-8","200","OK","Indexable","","Мужская толстовка на молнии меланж - Uzfutbolka","47","462","","0","0","","0","Мужская толстовка на молнии меланж","34","","0","","0","max-snippet:-1, max-image-preview:large, max-video-preview:-1","","","https://uzfutbolka.ru/product/muzhskaya-tolstovka-na-molnii-melanzh/","","","","","","591054","278","0,401","1","","12","5","19,230","61","41","0","0","","","","","8ca394d67c3a97eaa2d45c84c5265921","4,971","Sun, 07 Nov 2021 22:19:20 GMT","","","","HTTP/1.1","https://uzfutbolka.ru/product/muzhskaya-tolstovka-na-molnii-melanzh/","2022-02-18 08:46:44"
"https://uzfutbolka.ru/wp-content/plugins/easy-fancybox/js/jquery.fancybox.min.js","","0","Blocked by robots.txt","Non-Indexable","Blocked by robots.txt","","0","0","","0","0","","0","","0","","0","","0","","","","","","","","","","0","0","0,000","1","","0","0","0,000","0","0","0","0","","","","","","","","","","","None","https://uzfutbolka.ru/wp-content/plugins/easy-fancybox/js/jquery.fancybox.min.js","2022-02-18 08:46:50"
"https://uzfutbolka.ru/product-category/futbolki/","","0","Connection Timeout","Non-Indexable","No Response","","0","0","","0","0","","0","","0","","0","","0","","","","","","","","","","0","0","0,000","1","","29","26","100,000","0","0","0","0","","","","","","","","","","","","https://uzfutbolka.ru/product-category/futbolki/","2022-02-18 08:46:32"
"https://uzfutbolka.ru/dostavka/","text/html; charset=UTF-8","200","OK","Indexable","","Информация о доставке товаров по России - Uzfutbolka.ru","55","536","Самовывоз - бесплатно. От 100 шт. — 1000 р. Доставка по Москве и всей России транспортными компаниями. По всем вопросам звоните .","129","927","","0","Доставка","8","Доставка для региональных заказчиков","36","Доставка для клиентов по Москве","31","max-snippet:-1, max-image-preview:large, max-video-preview:-1","","","https://uzfutbolka.ru/dostavka/","","","","","","466795","191","0,402","1","","51","26","100,000","34","29","0","0","","","","","2872c93f02d92be6d3ce9cd9a2330ffc","2,100","Tue, 19 Jan 2021 14:27:54 GMT","","","","HTTP/1.1","https://uzfutbolka.ru/dostavka/","2022-02-18 08:46:50"
"https://uzfutbolka.ru/product/longsliv-muzhskoy-melanzh/","text/html; charset=UTF-8","200","OK","Indexable","","Лонгслив мужской меланж - Uzfutbolka","36","350","","0","0","","0","Лонгслив мужской меланж","23","","0","","0","max-snippet:-1, max-image-preview:large, max-video-preview:-1","","","https://uzfutbolka.ru/product/longsliv-muzhskoy-melanzh/","","","","","","530365","172","0,295","1","","5","2","7,690","61","42","0","0","","","","","803acadc7f3ae6a40d4240d47059f9dc","9,446","Thu, 21 Oct 2021 07:59:09 GMT","","","","HTTP/1.1","https://uzfutbolka.ru/product/longsliv-muzhskoy-melanzh/","2022-02-18 08:46:42"
"https://uzfutbolka.ru/product/muzhskoy-svitshot-chernyy/","","0","Connection Timeout","Non-Indexable","No Response","","0","0","","0","0","","0","","0","","0","","0","","","","","","","","","","0","0","0,000","1","","2","1","3,850","0","0","0","0","","","","","","","","","","","","https://uzfutbolka.ru/product/muzhskoy-svitshot-chernyy/","2022-02-18 08:46:33"
"https://uzfutbolka.ru/katalog/","text/html; charset=UTF-8","200","OK","Indexable","","Каталог оптовых товаров от производителя Uzfutbolka.ru","54","523","Каталог мужской и женской одежды для оптовых заказов. Доставка по Москве и всей России. Удобный пункт самовывоза в Москве. Звоните .","132","933","","0","Каталог","7","","0","","0","max-snippet:-1, max-image-preview:large, max-video-preview:-1","","","https://uzfutbolka.ru/katalog/","https://uzfutbolka.ru/katalog/page/2/","","","","","516478","179","0,325","1","","53","26","100,000","82","51","0","0","","","","","1591520fa0b7712cf2b9f689a24677ce","6,381","Mon, 13 Dec 2021 14:24:39 GMT","","","","HTTP/1.1","https://uzfutbolka.ru/katalog/","2022-02-18 08:46:49"
"https://uzfutbolka.ru/product-category/beysbolki","text/html; charset=UTF-8","301","Moved Permanently","Non-Indexable","Redirected","","0","0","","0","0","","0","","0","","0","","0","","","","","","","","","","0","0","0,000","1","","25","25","96,150","0","0","0","0","","","","","","0,905","","https://uzfutbolka.ru/product-category/beysbolki/","HTTP Redirect","","HTTP/1.1","https://uzfutbolka.ru/product-category/beysbolki","2022-02-18 08:46:56"
"https://uzfutbolka.ru/product/beysbolka-korichnevaya/","text/html; charset=UTF-8","200","OK","Indexable","","Бейсболка коричневая - Uzfutbolka","33","318","","0","0","","0","Бейсболка коричневая","20","","0","","0","max-snippet:-1, max-image-preview:large, max-video-preview:-1","","","https://uzfutbolka.ru/product/beysbolka-korichnevaya/","","","","","","520135","180","0,329","1","","7","3","11,540","62","44","0","0","","","","","94f06975c52e9703ba14aee1eb858986","6,600","Sun, 07 Nov 2021 19:21:03 GMT","","","","HTTP/1.1","https://uzfutbolka.ru/product/beysbolka-korichnevaya/","2022-02-18 08:46:52"
"https://uzfutbolka.ru/product-category/hudi","text/html; charset=UTF-8","301","Moved Permanently","Non-Indexable","Redirected","","0","0","","0","0","","0","","0","","0","","0","","","","","","","","","","0","0","0,000","1","","26","26","100,000","0","0","0","0","","","","","","7,554","","https://uzfutbolka.ru/product-category/hudi/","HTTP Redirect","","HTTP/1.1","https://uzfutbolka.ru/product-category/hudi","2022-02-18 08:46:52"
"https://uzfutbolka.ru/kontakty/","text/html; charset=UTF-8","200","OK","Indexable","","Контактная информация о компании Uzfutbolka.ru","46","450","Адрес офиса и склада: 115201, Москва, 1-й Котляковский переулок, 4А. По всем вопросам звоните или пишите нам на почту info@uzfutbolka.ru.","137","954","","0","Контакты","8","","0","","0","max-snippet:-1, max-image-preview:large, max-video-preview:-1","","","https://uzfutbolka.ru/kontakty/","","","","","","467866","140","0,297","1","","26","26","100,000","35","29","0","0","","","","","dce444191b1d174219210a9eb86afcda","1,675","Fri, 11 Feb 2022 14:02:12 GMT","","","","HTTP/1.1","https://uzfutbolka.ru/kontakty/","2022-02-18 08:46:59"
"https://uzfutbolka.ru/product-category/polo","text/html; charset=UTF-8","301","Moved Permanently","Non-Indexable","Redirected","","0","0","","0","0","","0","","0","","0","","0","","","","","","","","","","0","0","0,000","1","","26","26","100,000","0","0","0","0","","","","","","0,862","","https://uzfutbolka.ru/product-category/polo/","HTTP Redirect","","HTTP/1.1","https://uzfutbolka.ru/product-category/polo","2022-02-18 08:47:02"
"https://uzfutbolka.ru/korzina/","","0","Blocked by robots.txt","Non-Indexable","Blocked by robots.txt","","0","0","","0","0","","0","","0","","0","","0","","","","","","","","","","0","0","0,000","1","","26","26","100,000","0","0","0","0","","","","","","","","","","","None","https://uzfutbolka.ru/korzina/","2022-02-18 08:47:02"
"https://uzfutbolka.ru/product-category/tolstovki","text/html; charset=UTF-8","301","Moved Permanently","Non-Indexable","Redirected","","0","0","","0","0","","0","","0","","0","","0","","","","","","","","","","0","0","0,000","1","","28","25","96,150","0","0","0","0","","","","","","0,853","","https://uzfutbolka.ru/product-category/tolstovki/","HTTP Redirect","","HTTP/1.1","https://uzfutbolka.ru/product-category/tolstovki","2022-02-18 08:47:02"
"https://uzfutbolka.ru/product/futbolka-detskaya-belaya/","text/html; charset=UTF-8","200","OK","Indexable","","Футболка детская белая - Uzfutbolka","35","337","","0","0","","0","Футболка детская белая","22","","0","","0","max-snippet:-1, max-image-preview:large, max-video-preview:-1","","","https://uzfutbolka.ru/product/futbolka-detskaya-belaya/","","","","","","529956","256","0,420","1","","8","3","11,540","64","44","0","0","","","","","9c2871605fc1b4e25641e9f5e3aa38be","4,124","Wed, 20 Oct 2021 16:25:37 GMT","","","","HTTP/1.1","https://uzfutbolka.ru/product/futbolka-detskaya-belaya/","2022-02-18 08:46:59"
"https://uzfutbolka.ru/product-category/kozyrki","text/html; charset=UTF-8","301","Moved Permanently","Non-Indexable","Redirected","","0","0","","0","0","","0","","0","","0","","0","","","","","","","","","","0","0","0,000","1","","25","25","96,150","0","0","0","0","","","","","","0,846","","https://uzfutbolka.ru/product-category/kozyrki/","HTTP Redirect","","HTTP/1.1","https://uzfutbolka.ru/product-category/kozyrki","2022-02-18 08:47:03"
"https://uzfutbolka.ru/product-category/polo/","","0","Connection Timeout","Non-Indexable","No Response","","0","0","","0","0","","0","","0","","0","","0","","","","","","","","","","0","0","0,000","1","","27","26","100,000","0","0","0","0","","","","","","","","","","","","https://uzfutbolka.ru/product-category/polo/","2022-02-18 08:46:52"
"https://uzfutbolka.ru/product/longsliv-muzhskoy-krasnyy/","text/html; charset=UTF-8","200","OK","Indexable","","Лонгслив мужской красный - Uzfutbolka","37","356","","0","0","","0","Лонгслив мужской красный","24","","0","","0","max-snippet:-1, max-image-preview:large, max-video-preview:-1","","","https://uzfutbolka.ru/product/longsliv-muzhskoy-krasnyy/","","","","","","528294","170","0,294","1","","5","2","7,690","59","41","0","0","","","","","6efd2dfc2267e89b519d015e66477d79","7,370","Thu, 21 Oct 2021 07:58:45 GMT","","","","HTTP/1.1","https://uzfutbolka.ru/product/longsliv-muzhskoy-krasnyy/","2022-02-18 08:47:05"
"https://uzfutbolka.ru/product-category/hudi/","","0","Connection Timeout","Non-Indexable","No Response","","0","0","","0","0","","0","","0","","0","","0","","","","","","","","","","0","0","0,000","1","","27","26","100,000","0","0","0","0","","","","","","","","","","","","https://uzfutbolka.ru/product-category/hudi/","2022-02-18 08:46:53"
"https://uzfutbolka.ru/product-category/promo-odezhda/","text/html; charset=UTF-8","200","OK","Indexable","","Промо одежда от производителя купить в Москве - Uzfutbolka.ru","61","594","Промо одежда от производителя в Москве. Любые размеры. Гарантия качества по выгодным ценам. Доставка по всей России. Звоните.","125","906","","0","Промо одежда","12","","0","","0","max-snippet:-1, max-image-preview:large, max-video-preview:-1","","","https://uzfutbolka.ru/product-category/promo-odezhda/","https://uzfutbolka.ru/product-category/promo-odezhda/page/2/","","","","","511082","173","0,312","1","","28","26","100,000","67","56","0","0","","","","","2b5a3bce7d7bedbdb7ab1f75ec4736a7","13,428","Thu, 16 Sep 2021 19:57:21 GMT","","","","HTTP/1.1","https://uzfutbolka.ru/product-category/promo-odezhda/","2022-02-18 08:47:03"
"https://uzfutbolka.ru/product-category/svitshoty/","","0","Connection Timeout","Non-Indexable","No Response","","0","0","","0","0","","0","","0","","0","","0","","","","","","","","","","0","0","0,000","1","","27","26","100,000","0","0","0","0","","","","","","","","","","","","https://uzfutbolka.ru/product-category/svitshoty/","2022-02-18 08:46:57"
"https://uzfutbolka.ru/product/futbolka-muzhskaya-chyornaya/","text/html; charset=UTF-8","200","OK","Indexable","","Футболка мужская чёрная - Uzfutbolka","36","350","","0","0","","0","Футболка мужская чёрная","23","","0","","0","max-snippet:-1, max-image-preview:large, max-video-preview:-1","","","https://uzfutbolka.ru/product/futbolka-muzhskaya-chyornaya/","","","","","","566660","190","0,294","1","","7","3","11,540","62","44","0","0","","","","","d8cbfee8ac93bbe06d10f940d9a8b3e9","7,030","Sun, 17 Oct 2021 09:22:35 GMT","","","","HTTP/1.1","https://uzfutbolka.ru/product/futbolka-muzhskaya-chyornaya/","2022-02-18 08:47:12"
"https://uzfutbolka.ru/product/kozyrek-zelenyy/","text/html; charset=UTF-8","200","OK","Indexable","","Козырек зеленый - Uzfutbolka","28","269","","0","0","","0","Козырек зеленый","15","","0","","0","max-snippet:-1, max-image-preview:large, max-video-preview:-1","","","https://uzfutbolka.ru/product/kozyrek-zelenyy/","","","","","","510922","134","0,266","2","","3","2","7,690","60","46","0","0","","","","","1ff1fbd76eaf65740d656c9dcb1949d4","5,655","Thu, 16 Sep 2021 19:06:49 GMT","","","","HTTP/1.1","https://uzfutbolka.ru/product/kozyrek-zelenyy/","2022-02-18 08:47:19"
"https://uzfutbolka.ru/wp-content/uploads/2019/03/longsliv-muzhskoy-seriy-2.jpg","image/jpeg","200","OK","Indexable","","","0","0","","0","0","","0","","0","","0","","0","","","","","","","","","","75511","0","0,000","2","","1","1","3,850","0","0","0","0","","","","","","0,030","Thu, 25 Feb 2021 06:34:02 GMT","","","","HTTP/1.1","https://uzfutbolka.ru/wp-content/uploads/2019/03/longsliv-muzhskoy-seriy-2.jpg","2022-02-18 08:47:25"
"https://uzfutbolka.ru/wp-content/uploads/2020/01/pechat-na-odezhde-3.jpeg","image/jpeg","200","OK","Indexable","","","0","0","","0","0","","0","","0","","0","","0","","","","","","","","","","76023","0","0,000","2","","1","1","3,850","0","0","0","0","","","","","","0,101","Fri, 19 Feb 2021 20:03:46 GMT","","","","HTTP/1.1","https://uzfutbolka.ru/wp-content/uploads/2020/01/pechat-na-odezhde-3.jpeg","2022-02-18 08:47:25"
"https://uzfutbolka.ru/product/beysbolka-promo-sinyaya/","text/html; charset=UTF-8","200","OK","Indexable","","Бейсболка промо синяя - Uzfutbolka","34","327","","0","0","","0","Бейсболка промо синяя","21","","0","","0","max-snippet:-1, max-image-preview:large, max-video-preview:-1","","","https://uzfutbolka.ru/product/beysbolka-promo-sinyaya/","","","","","","512724","140","0,278","2","","3","2","7,690","62","49","0","0","","","","","77bf61347603f45f83c559ff6783ceba","8,293","Thu, 16 Sep 2021 20:17:11 GMT","","","","HTTP/1.1","https://uzfutbolka.ru/product/beysbolka-promo-sinyaya/","2022-02-18 08:47:17"
"https://uzfutbolka.ru/product-category/longslivy/","","0","Connection Timeout","Non-Indexable","No Response","","0","0","","0","0","","0","","0","","0","","0","","","","","","","","","","0","0","0,000","1","","30","26","100,000","0","0","0","0","","","","","","","","","","","","https://uzfutbolka.ru/product-category/longslivy/","2022-02-18 08:47:12"
"https://uzfutbolka.ru/product-category/beysbolki/page/2/","text/html; charset=UTF-8","200","OK","Non-Indexable","noindex","Бейсболки оптом от производителя купить в Москве","48","482","Купить бейсболки оптом от производителя Uzfutbolka.ru. Гарантия качества по выгодным ценам. Доставка по всей России. Звоните.","125","882","","0","Бейсболки оптом","15","","0","","0","noindex,follow","","","","","https://uzfutbolka.ru/product-category/beysbolki/","","","","473560","63","0,186","2","","3","2","7,690","41","33","0","0","","","","","ca7ac5e92aa9cc060ba58708024d823f","17,382","Sun, 07 Nov 2021 21:09:32 GMT","","","","HTTP/1.1","https://uzfutbolka.ru/product-category/beysbolki/page/2/","2022-02-18 08:47:13"
"https://uzfutbolka.ru/product/futbolka-zhenskaya-chyornaya/","","0","Connection Timeout","Non-Indexable","No Response","","0","0","","0","0","","0","","0","","0","","0","","","","","","","","","","0","0","0,000","2","","2","1","3,850","0","0","0","0","","","","","","","","","","","","https://uzfutbolka.ru/product/futbolka-zhenskaya-chyornaya/","2022-02-18 08:47:17"
"https://uzfutbolka.ru/product/ekonom-promo-futbolka-chyornaya/","","0","Connection Timeout","Non-Indexable","No Response","","0","0","","0","0","","0","","0","","0","","0","","","","","","","","","","0","0","0,000","2","","2","1","3,850","0","0","0","0","","","","","","","","","","","","https://uzfutbolka.ru/product/ekonom-promo-futbolka-chyornaya/","2022-02-18 08:47:25"
"https://uzfutbolka.ru/product/longsliv-muzhskoy-chernyy/","","0","Connection Timeout","Non-Indexable","No Response","","0","0","","0","0","","0","","0","","0","","0","","","","","","","","","","0","0","0,000","2","","4","2","7,690","0","0","0","0","","","","","","","","","","","","https://uzfutbolka.ru/product/longsliv-muzhskoy-chernyy/","2022-02-18 08:47:25"
"https://uzfutbolka.ru/wp-content/uploads/2019/05/beysbolka-velyur-chernyy-2.jpg","image/jpeg","200","OK","Indexable","","","0","0","","0","0","","0","","0","","0","","0","","","","","","","","","","126678","0","0,000","2","","1","1","3,850","0","0","0","0","","","","","","4,244","Fri, 19 Feb 2021 20:03:46 GMT","","","","HTTP/1.1","https://uzfutbolka.ru/wp-content/uploads/2019/05/beysbolka-velyur-chernyy-2.jpg","2022-02-18 08:47:45"
"https://uzfutbolka.ru/wp-content/uploads/2017/07/Мужская-толстовка-на-молнии-черная-3-х-нитка2.jpg","image/jpeg","200","OK","Indexable","","","0","0","","0","0","","0","","0","","0","","0","","","","","","","","","","368934","0","0,000","2","","1","1","3,850","0","0","0","0","","","","","","0,284","Fri, 19 Feb 2021 20:03:46 GMT","","","","HTTP/1.1","https://uzfutbolka.ru/wp-content/uploads/2017/07/%D0%9C%D1%83%D0%B6%D1%81%D0%BA%D0%B0%D1%8F-%D1%82%D0%BE%D0%BB%D1%81%D1%82%D0%BE%D0%B2%D0%BA%D0%B0-%D0%BD%D0%B0-%D0%BC%D0%BE%D0%BB%D0%BD%D0%B8%D0%B8-%D1%87%D0%B5%D1%80%D0%BD%D0%B0%D1%8F-3-%D1%85-%D0%BD%D0%B8%D1%82%D0%BA%D0%B02.jpg","2022-02-18 08:47:50"
"https://uzfutbolka.ru/product-category/tolstovki/zhenskie-tolstovki/","","0","Connection Timeout","Non-Indexable","No Response","","0","0","","0","0","","0","","0","","0","","0","","","","","","","","","","0","0","0,000","2","","1","1","3,850","0","0","0","0","","","","","","","","","","","","https://uzfutbolka.ru/product-category/tolstovki/zhenskie-tolstovki/","2022-02-18 08:47:32"
"https://uzfutbolka.ru/pechat-na-tkani-na-zakaz/na-hudi","","0","Connection Timeout","Non-Indexable","No Response","","0","0","","0","0","","0","","0","","0","","0","","","","","","","","","","0","0","0,000","2","","1","1","3,850","0","0","0","0","","","","","","","","","","","","https://uzfutbolka.ru/pechat-na-tkani-na-zakaz/na-hudi","2022-02-18 08:47:36"
"https://uzfutbolka.ru/product/kozyrek-zheltyy/","","0","Connection Timeout","Non-Indexable","No Response","","0","0","","0","0","","0","","0","","0","","0","","","","","","","","","","0","0","0,000","2","","1","1","3,850","0","0","0","0","","","","","","","","","","","","https://uzfutbolka.ru/product/kozyrek-zheltyy/","2022-02-18 08:47:37"
"https://uzfutbolka.ru/wp-content/uploads/2019/05/beysbolka-poluvelyur-korichnevyy-1.jpg","image/jpeg","200","OK","Indexable","","","0","0","","0","0","","0","","0","","0","","0","","","","","","","","","","151315","0","0,000","2","","1","1","3,850","0","0","0","0","","","","","","8,977","Fri, 19 Feb 2021 20:03:46 GMT","","","","HTTP/1.1","https://uzfutbolka.ru/wp-content/uploads/2019/05/beysbolka-poluvelyur-korichnevyy-1.jpg","2022-02-18 08:47:56"
"https://uzfutbolka.ru/product-category/odezhda-optom/","","0","Connection Timeout","Non-Indexable","No Response","","0","0","","0","0","","0","","0","","0","","0","","","","","","","","","","0","0","0,000","2","","1","1","3,850","0","0","0","0","","","","","","","","","","","","https://uzfutbolka.ru/product-category/odezhda-optom/","2022-02-18 08:47:45"
"https://uzfutbolka.ru/product/beysbolka-promo-zheltaya/","","0","Connection Timeout","Non-Indexable","No Response","","0","0","","0","0","","0","","0","","0","","0","","","","","","","","","","0","0","0,000","2","","1","1","3,850","0","0","0","0","","","","","","","","","","","","https://uzfutbolka.ru/product/beysbolka-promo-zheltaya/","2022-02-18 08:47:50"
"https://uzfutbolka.ru/pechat-na-tkani-na-zakaz/na-svitshotah","","0","Connection Timeout","Non-Indexable","No Response","","0","0","","0","0","","0","","0","","0","","0","","","","","","","","","","0","0","0,000","2","","1","1","3,850","0","0","0","0","","","","","","","","","","","","https://uzfutbolka.ru/pechat-na-tkani-na-zakaz/na-svitshotah","2022-02-18 08:47:56"
"https://uzfutbolka.ru/wp-content/uploads/2019/05/beysbolka-velyur-temno-seryy-4.jpg","image/jpeg","200","OK","Indexable","","","0","0","","0","0","","0","","0","","0","","0","","","","","","","","","","145123","0","0,000","2","","1","1","3,850","0","0","0","0","","","","","","18,138","Fri, 19 Feb 2021 20:03:46 GMT","","","","HTTP/1.1","https://uzfutbolka.ru/wp-content/uploads/2019/05/beysbolka-velyur-temno-seryy-4.jpg","2022-02-18 08:48:05"
"https://uzfutbolka.ru/product-category/longslivy/muzhskie-longslivy/","","0","Connection Timeout","Non-Indexable","No Response","","0","0","","0","0","","0","","0","","0","","0","","","","","","","","","","0","0","0,000","2","","6","3","11,540","0","0","0","0","","","","","","","","","","","","https://uzfutbolka.ru/product-category/longslivy/muzhskie-longslivy/","2022-02-18 08:47:57"
"https://uzfutbolka.ru/mvs-global/pdf/Price_07.10.2021.pdf","application/pdf","200","OK","Indexable","","","0","0","","0","0","","0","","0","","0","","0","","","","","","","","","","840981","0","0,000","2","","1","1","3,850","0","0","0","0","","","","","","7,708","Fri, 21 Jan 2022 07:04:22 GMT","","","","HTTP/1.1","https://uzfutbolka.ru/mvs-global/pdf/Price_07.10.2021.pdf","2022-02-18 08:48:23"
"https://uzfutbolka.ru/wp-content/uploads/2019/05/muzhskie-1.png","image/png","200","OK","Indexable","","","0","0","","0","0","","0","","0","","0","","0","","","","","","","","","","6944","0","0,000","2","","0","0","0,000","0","0","0","0","","","","","","7,762","Fri, 19 Feb 2021 20:03:46 GMT","","","","HTTP/1.1","https://uzfutbolka.ru/wp-content/uploads/2019/05/muzhskie-1.png","2022-02-18 08:48:30"
"https://uzfutbolka.ru/wp-content/uploads/2019/03/longsliv-muzhskoy-krasniy-3-1.jpg","image/jpeg","200","OK","Indexable","","","0","0","","0","0","","0","","0","","0","","0","","","","","","","","","","54425","0","0,000","2","","1","1","3,850","0","0","0","0","","","","","","7,584","Thu, 25 Feb 2021 08:10:02 GMT","","","","HTTP/1.1","https://uzfutbolka.ru/wp-content/uploads/2019/03/longsliv-muzhskoy-krasniy-3-1.jpg","2022-02-18 08:48:31"
"https://uzfutbolka.ru/katalog/page/14/","","0","Connection Timeout","Non-Indexable","No Response","","0","0","","0","0","","0","","0","","0","","0","","","","","","","","","","0","0","0,000","2","","1","1","3,850","0","0","0","0","","","","","","","","","","","","https://uzfutbolka.ru/katalog/page/14/","2022-02-18 08:48:09"
"https://uzfutbolka.ru/wp-content/uploads/2017/06/beysbolka_cherniy3.jpg","image/jpeg","200","OK","Indexable","","","0","0","","0","0","","0","","0","","0","","0","","","","","","","","","","331474","0","0,000","2","","1","1","3,850","0","0","0","0","","","","","","9,837","Fri, 19 Feb 2021 20:03:46 GMT","","","","HTTP/1.1","https://uzfutbolka.ru/wp-content/uploads/2017/06/beysbolka_cherniy3.jpg","2022-02-18 08:48:38"
"https://uzfutbolka.ru/product/zhenskaya-tolstovka-na-molnii-melanzh/","","0","Connection Timeout","Non-Indexable","No Response","","0","0","","0","0","","0","","0","","0","","0","","","","","","","","","","0","0","0,000","2","","4","2","7,690","0","0","0","0","","","","","","","","","","","","https://uzfutbolka.ru/product/zhenskaya-tolstovka-na-molnii-melanzh/","2022-02-18 08:48:12"
"https://uzfutbolka.ru/product/beysbolka-promo-belaya/","","0","Connection Timeout","Non-Indexable","No Response","","0","0","","0","0","","0","","0","","0","","0","","","","","","","","","","0","0","0,000","2","","1","1","3,850","0","0","0","0","","","","","","","","","","","","https://uzfutbolka.ru/product/beysbolka-promo-belaya/","2022-02-18 08:48:20"
"https://uzfutbolka.ru/wp-content/uploads/2019/03/longsliv-muzhskoy-beliy-4.jpg","image/jpeg","200","OK","Indexable","","","0","0","","0","0","","0","","0","","0","","0","","","","","","","","","","47210","0","0,000","2","","1","1","3,850","0","0","0","0","","","","","","7,693","Thu, 25 Feb 2021 06:27:05 GMT","","","","HTTP/1.1","https://uzfutbolka.ru/wp-content/uploads/2019/03/longsliv-muzhskoy-beliy-4.jpg","2022-02-18 08:48:43"
"https://uzfutbolka.ru/wp-content/uploads/2017/07/Мужская-толстовка-на-молнии-бирюза-3-х-нитка2.jpg","image/jpeg","200","OK","Indexable","","","0","0","","0","0","","0","","0","","0","","0","","","","","","","","","","427644","0","0,000","2","","1","1","3,850","0","0","0","0","","","","","","13,014","Fri, 19 Feb 2021 20:03:46 GMT","","","","HTTP/1.1","https://uzfutbolka.ru/wp-content/uploads/2017/07/%D0%9C%D1%83%D0%B6%D1%81%D0%BA%D0%B0%D1%8F-%D1%82%D0%BE%D0%BB%D1%81%D1%82%D0%BE%D0%B2%D0%BA%D0%B0-%D0%BD%D0%B0-%D0%BC%D0%BE%D0%BB%D0%BD%D0%B8%D0%B8-%D0%B1%D0%B8%D1%80%D1%8E%D0%B7%D0%B0-3-%D1%85-%D0%BD%D0%B8%D1%82%D0%BA%D0%B02.jpg","2022-02-18 08:48:50"
"https://uzfutbolka.ru/wp-content/uploads/2020/01/pechat-na-odezhde-4.jpeg","image/jpeg","200","OK","Indexable","","","0","0","","0","0","","0","","0","","0","","0","","","","","","","","","","75263","0","0,000","2","","1","1","3,850","0","0","0","0","","","","","","15,082","Fri, 19 Feb 2021 20:03:46 GMT","","","","HTTP/1.1","https://uzfutbolka.ru/wp-content/uploads/2020/01/pechat-na-odezhde-4.jpeg","2022-02-18 08:48:51"
"https://uzfutbolka.ru/wp-content/uploads/2019/07/0710100512-detskie_futbolki_belie_1.jpg","image/jpeg","200","OK","Indexable","","","0","0","","0","0","","0","","0","","0","","0","","","","","","","","","","173835","0","0,000","2","","1","1","3,850","0","0","0","0","","","","","","6,110","Fri, 19 Feb 2021 20:03:46 GMT","","","","HTTP/1.1","https://uzfutbolka.ru/wp-content/uploads/2019/07/0710100512-detskie_futbolki_belie_1.jpg","2022-02-18 08:49:06"
"https://uzfutbolka.ru/wp-content/plugins/FacetWP/includes/integrations/woocommerce/woocommerce.js","","0","Blocked by robots.txt","Non-Indexable","Blocked by robots.txt","","0","0","","0","0","","0","","0","","0","","0","","","","","","","","","","0","0","0,000","2","","0","0","0,000","0","0","0","0","","","","","","","","","","","None","https://uzfutbolka.ru/wp-content/plugins/FacetWP/includes/integrations/woocommerce/woocommerce.js","2022-02-18 08:49:12"
"https://uzfutbolka.ru/product/beysbolka-promo-temno-sinyaya/","","0","Connection Timeout","Non-Indexable","No Response","","0","0","","0","0","","0","","0","","0","","0","","","","","","","","","","0","0","0,000","2","","1","1","3,850","0","0","0","0","","","","","","","","","","","","https://uzfutbolka.ru/product/beysbolka-promo-temno-sinyaya/","2022-02-18 08:48:38"
"https://uzfutbolka.ru/blog/","","0","Connection Timeout","Non-Indexable","No Response","","0","0","","0","0","","0","","0","","0","","0","","","","","","","","","","0","0","0,000","2","","0","0","0,000","0","0","0","0","","","","","","","","","","","","https://uzfutbolka.ru/blog/","2022-02-18 08:48:48"
"https://uzfutbolka.ru/wp-content/plugins/FacetWP/assets/js/dist/front.min.js","","0","Blocked by robots.txt","Non-Indexable","Blocked by robots.txt","","0","0","","0","0","","0","","0","","0","","0","","","","","","","","","","0","0","0,000","2","","0","0","0,000","0","0","0","0","","","","","","","","","","","None","https://uzfutbolka.ru/wp-content/plugins/FacetWP/assets/js/dist/front.min.js","2022-02-18 08:49:18"
"https://uzfutbolka.ru/product/longsliv-muzhskoy-oranzhevyy/","","0","Connection Timeout","Non-Indexable","No Response","","0","0","","0","0","","0","","0","","0","","0","","","","","","","","","","0","0","0,000","2","","2","1","3,850","0","0","0","0","","","","","","","","","","","","https://uzfutbolka.ru/product/longsliv-muzhskoy-oranzhevyy/","2022-02-18 08:48:51"
"https://uzfutbolka.ru/product/beysbolka-salatovaya/","","0","Connection Timeout","Non-Indexable","No Response","","0","0","","0","0","","0","","0","","0","","0","","","","","","","","","","0","0","0,000","2","","4","2","7,690","0","0","0","0","","","","","","","","","","","","https://uzfutbolka.ru/product/beysbolka-salatovaya/","2022-02-18 08:49:03"
"https://uzfutbolka.ru/wp-content/uploads/2017/07/Бейсболка-детская-серая1.jpg","image/jpeg","200","OK","Indexable","","","0","0","","0","0","","0","","0","","0","","0","","","","","","","","","","523136","0","0,000","2","","1","1","3,850","0","0","0","0","","","","","","10,432","Fri, 19 Feb 2021 20:03:46 GMT","","","","HTTP/1.1","https://uzfutbolka.ru/wp-content/uploads/2017/07/%D0%91%D0%B5%D0%B9%D1%81%D0%B1%D0%BE%D0%BB%D0%BA%D0%B0-%D0%B4%D0%B5%D1%82%D1%81%D0%BA%D0%B0%D1%8F-%D1%81%D0%B5%D1%80%D0%B0%D1%8F1.jpg","2022-02-18 08:49:16"
"https://uzfutbolka.ru/wp-content/uploads/2019/07/futbolka-muzhskaya-chernaya-9.jpg","image/jpeg","200","OK","Indexable","","","0","0","","0","0","","0","","0","","0","","0","","","","","","","","","","59737","0","0,000","2","","1","1","3,850","0","0","0","0","","","","","","2,957","Thu, 25 Feb 2021 05:44:14 GMT","","","","HTTP/1.1","https://uzfutbolka.ru/wp-content/uploads/2019/07/futbolka-muzhskaya-chernaya-9.jpg","2022-02-18 08:49:26"
"https://uzfutbolka.ru/product/futbolka-podrostkovaya-chyornaya/","","0","Connection Timeout","Non-Indexable","No Response","","0","0","","0","0","","0","","0","","0","","0","","","","","","","","","","0","0","0,000","2","","2","1","3,850","0","0","0","0","","","","","","","","","","","","https://uzfutbolka.ru/product/futbolka-podrostkovaya-chyornaya/","2022-02-18 08:49:12"
"https://uzfutbolka.ru/product/futbolka-muzhskaya-antratsit/","","0","Connection Timeout","Non-Indexable","No Response","","0","0","","0","0","","0","","0","","0","","0","","","","","","","","","","0","0","0,000","2","","2","1","3,850","0","0","0","0","","","","","","","","","","","","https://uzfutbolka.ru/product/futbolka-muzhskaya-antratsit/","2022-02-18 08:49:18"
"https://uzfutbolka.ru/katalog/page/15/","","0","Connection Timeout","Non-Indexable","No Response","","0","0","","0","0","","0","","0","","0","","0","","","","","","","","","","0","0","0,000","2","","1","1","3,850","0","0","0","0","","","","","","","","","","","","https://uzfutbolka.ru/katalog/page/15/","2022-02-18 08:49:21"
"https://uzfutbolka.ru/product/futbolka-muzhskaya-asfalt/","","0","Connection Timeout","Non-Indexable","No Response","","0","0","","0","0","","0","","0","","0","","0","","","","","","","","","","0","0","0,000","2","","2","1","3,850","0","0","0","0","","","","","","","","","","","","https://uzfutbolka.ru/product/futbolka-muzhskaya-asfalt/","2022-02-18 08:49:25"
"https://uzfutbolka.ru/product/kozyrek-dzhinsa-belyy/","","0","Connection Timeout","Non-Indexable","No Response","","0","0","","0","0","","0","","0","","0","","0","","","","","","","","","","0","0","0,000","2","","1","1","3,850","0","0","0","0","","","","","","","","","","","","https://uzfutbolka.ru/product/kozyrek-dzhinsa-belyy/","2022-02-18 08:49:29"
"https://uzfutbolka.ru/wp-content/plugins/FacetWP/assets/js/src/query-string.js","","0","Blocked by robots.txt","Non-Indexable","Blocked by robots.txt","","0","0","","0","0","","0","","0","","0","","0","","","","","","","","","","0","0","0,000","2","","0","0","0,000","0","0","0","0","","","","","","","","","","","None","https://uzfutbolka.ru/wp-content/plugins/FacetWP/assets/js/src/query-string.js","2022-02-18 08:49:52"
"https://uzfutbolka.ru/product/futbolka-muzhskaya-s-laykroy-chernaya/","","0","Connection Timeout","Non-Indexable","No Response","","0","0","","0","0","","0","","0","","0","","0","","","","","","","","","","0","0","0,000","2","","2","1","3,850","0","0","0","0","","","","","","","","","","","","https://uzfutbolka.ru/product/futbolka-muzhskaya-s-laykroy-chernaya/","2022-02-18 08:49:37"
"https://uzfutbolka.ru/product/futbolka-zhenskaya-bezhevaya/","","0","Connection Timeout","Non-Indexable","No Response","","0","0","","0","0","","0","","0","","0","","0","","","","","","","","","","0","0","0,000","2","","2","1","3,850","0","0","0","0","","","","","","","","","","","","https://uzfutbolka.ru/product/futbolka-zhenskaya-bezhevaya/","2022-02-18 08:49:49"
"https://uzfutbolka.ru/product/beysbolka-golubaya/","","0","Connection Timeout","Non-Indexable","No Response","","0","0","","0","0","","0","","0","","0","","0","","","","","","","","","","0","0","0,000","2","","4","2","7,690","0","0","0","0","","","","","","","","","","","","https://uzfutbolka.ru/product/beysbolka-golubaya/","2022-02-18 08:49:49"
"https://uzfutbolka.ru/product/futbolka-muzhskaya-bezhevaya/","","0","Connection Timeout","Non-Indexable","No Response","","0","0","","0","0","","0","","0","","0","","0","","","","","","","","","","0","0","0,000","2","","2","1","3,850","0","0","0","0","","","","","","","","","","","","https://uzfutbolka.ru/product/futbolka-muzhskaya-bezhevaya/","2022-02-18 08:49:52"
"https://uzfutbolka.ru/product/ekonom-promo-futbolka-belaya/","","0","Connection Timeout","Non-Indexable","No Response","","0","0","","0","0","","0","","0","","0","","0","","","","","","","","","","0","0","0,000","2","","2","1","3,850","0","0","0","0","","","","","","","","","","","","https://uzfutbolka.ru/product/ekonom-promo-futbolka-belaya/","2022-02-18 08:49:49"
"https://uzfutbolka.ru/wp-content/uploads/2017/07/Мужская-толстовка-на-молнии-меланж-2-х-нитка1.jpg","image/jpeg","200","OK","Indexable","","","0","0","","0","0","","0","","0","","0","","0","","","","","","","","","","495567","0","0,000","2","","1","1","3,850","0","0","0","0","","","","","","14,886","Fri, 19 Feb 2021 20:03:46 GMT","","","","HTTP/1.1","https://uzfutbolka.ru/wp-content/uploads/2017/07/%D0%9C%D1%83%D0%B6%D1%81%D0%BA%D0%B0%D1%8F-%D1%82%D0%BE%D0%BB%D1%81%D1%82%D0%BE%D0%B2%D0%BA%D0%B0-%D0%BD%D0%B0-%D0%BC%D0%BE%D0%BB%D0%BD%D0%B8%D0%B8-%D0%BC%D0%B5%D0%BB%D0%B0%D0%BD%D0%B6-2-%D1%85-%D0%BD%D0%B8%D1%82%D0%BA%D0%B01.jpg","2022-02-18 08:50:13"
"https://uzfutbolka.ru/product/futbolka-zhenskaya-haki/","","0","Connection Timeout","Non-Indexable","No Response","","0","0","","0","0","","0","","0","","0","","0","","","","","","","","","","0","0","0,000","2","","2","1","3,850","0","0","0","0","","","","","","","","","","","","https://uzfutbolka.ru/product/futbolka-zhenskaya-haki/","2022-02-18 08:50:01"
"https://uzfutbolka.ru/wp-content/uploads/2019/07/futbolka-muzhskaya-chernaya-7.jpg","image/jpeg","200","OK","Indexable","","","0","0","","0","0","","0","","0","","0","","0","","","","","","","","","","56640","0","0,000","2","","1","1","3,850","0","0","0","0","","","","","","18,559","Thu, 25 Feb 2021 05:44:13 GMT","","","","HTTP/1.1","https://uzfutbolka.ru/wp-content/uploads/2019/07/futbolka-muzhskaya-chernaya-7.jpg","2022-02-18 08:50:15"
"https://uzfutbolka.ru/product/ekonom-promo-futbolka-krasnaya/","","0","Connection Refused","Non-Indexable","No Response","","0","0","","0","0","","0","","0","","0","","0","","","","","","","","","","0","0","0,000","2","","2","1","3,850","0","0","0","0","","","","","","","","","","","","https://uzfutbolka.ru/product/ekonom-promo-futbolka-krasnaya/","2022-02-18 08:50:18"
"https://uzfutbolka.ru/product/muzhskaya-tolstovka-na-molnii-sinyaya/","","0","Connection Refused","Non-Indexable","No Response","","0","0","","0","0","","0","","0","","0","","0","","","","","","","","","","0","0","0,000","2","","6","3","11,540","0","0","0","0","","","","","","","","","","","","https://uzfutbolka.ru/product/muzhskaya-tolstovka-na-molnii-sinyaya/","2022-02-18 08:50:18"
"https://uzfutbolka.ru/product/beysbolka-promo-krasnaya/","","0","Connection Refused","Non-Indexable","No Response","","0","0","","0","0","","0","","0","","0","","0","","","","","","","","","","0","0","0,000","2","","2","2","7,690","0","0","0","0","","","","","","","","","","","","https://uzfutbolka.ru/product/beysbolka-promo-krasnaya/","2022-02-18 08:50:28"
"https://uzfutbolka.ru/product-tag/beysbolki-s-logotipom/","","0","Connection Refused","Non-Indexable","No Response","","0","0","","0","0","","0","","0","","0","","0","","","","","","","","","","0","0","0,000","2","","3","3","11,540","0","0","0","0","","","","","","","","","","","","https://uzfutbolka.ru/product-tag/beysbolki-s-logotipom/","2022-02-18 08:50:28"
"https://uzfutbolka.ru/product-category/promo-odezhda/page/2/","","0","Connection Refused","Non-Indexable","No Response","","0","0","","0","0","","0","","0","","0","","0","","","","","","","","","","0","0","0,000","2","","2","1","3,850","0","0","0","0","","","","","","","","","","","","https://uzfutbolka.ru/product-category/promo-odezhda/page/2/","2022-02-18 08:50:34"
"https://uzfutbolka.ru/wp-content/plugins/facetwp-color/assets/js/front.js?ver=3.3.3","","0","Blocked by robots.txt","Non-Indexable","Blocked by robots.txt","","0","0","","0","0","","0","","0","","0","","0","","","","","","","","","","0","0","0,000","2","","0","0","0,000","0","0","0","0","","","","","","","","","","","None","https://uzfutbolka.ru/wp-content/plugins/facetwp-color/assets/js/front.js?ver=3.3.3","2022-02-18 08:50:54"
"https://uzfutbolka.ru/product-category/futbolki/muzhskie-futbolki/","","0","Connection Refused","Non-Indexable","No Response","","0","0","","0","0","","0","","0","","0","","0","","","","","","","","","","0","0","0,000","2","","2","1","3,850","0","0","0","0","","","","","","","","","","","","https://uzfutbolka.ru/product-category/futbolki/muzhskie-futbolki/","2022-02-18 08:50:38"
"https://uzfutbolka.ru/product/futbolka-zhenskaya-tyomno-seryy/","","0","Connection Refused","Non-Indexable","No Response","","0","0","","0","0","","0","","0","","0","","0","","","","","","","","","","0","0","0,000","2","","2","1","3,850","0","0","0","0","","","","","","","","","","","","https://uzfutbolka.ru/product/futbolka-zhenskaya-tyomno-seryy/","2022-02-18 08:50:38"
"https://uzfutbolka.ru/product/zhenskoe-hudi-kenguru-rozovoe/","","0","Connection Refused","Non-Indexable","No Response","","0","0","","0","0","","0","","0","","0","","0","","","","","","","","","","0","0","0,000","2","","26","13","50,000","0","0","0","0","","","","","","","","","","","","https://uzfutbolka.ru/product/zhenskoe-hudi-kenguru-rozovoe/","2022-02-18 08:50:48"
"https://uzfutbolka.ru/wp-content/uploads/2019/07/futbolka-muzhskaya-chernaya-5.jpg","","0","Connection Refused","Non-Indexable","No Response","","0","0","","0","0","","0","","0","","0","","0","","","","","","","","","","0","0","0,000","2","","1","1","3,850","0","0","0","0","","","","","","","","","","","","https://uzfutbolka.ru/wp-content/uploads/2019/07/futbolka-muzhskaya-chernaya-5.jpg","2022-02-18 08:50:48"
"https://uzfutbolka.ru/product/longsliv-muzhskoy-fioletovyy/","","0","Connection Refused","Non-Indexable","No Response","","0","0","","0","0","","0","","0","","0","","0","","","","","","","","","","0","0","0,000","2","","4","2","7,690","0","0","0","0","","","","","","","","","","","","https://uzfutbolka.ru/product/longsliv-muzhskoy-fioletovyy/","2022-02-18 08:50:54"
"https://uzfutbolka.ru/wp-content/uploads/2019/05/beysbolka-velyur-chernyy-4.jpg","","0","Connection Refused","Non-Indexable","No Response","","0","0","","0","0","","0","","0","","0","","0","","","","","","","","","","0","0","0,000","2","","1","1","3,850","0","0","0","0","","","","","","","","","","","","https://uzfutbolka.ru/wp-content/uploads/2019/05/beysbolka-velyur-chernyy-4.jpg","2022-02-18 08:50:58"
"https://uzfutbolka.ru/wp-content/uploads/2020/01/pechat-na-odezhde-8.jpeg","","0","Connection Refused","Non-Indexable","No Response","","0","0","","0","0","","0","","0","","0","","0","","","","","","","","","","0","0","0,000","2","","1","1","3,850","0","0","0","0","","","","","","","","","","","","https://uzfutbolka.ru/wp-content/uploads/2020/01/pechat-na-odezhde-8.jpeg","2022-02-18 08:50:59"
"https://uzfutbolka.ru/pechat-na-tkani-na-zakaz/na-polo","","0","Connection Refused","Non-Indexable","No Response","","0","0","","0","0","","0","","0","","0","","0","","","","","","","","","","0","0","0,000","2","","1","1","3,850","0","0","0","0","","","","","","","","","","","","https://uzfutbolka.ru/pechat-na-tkani-na-zakaz/na-polo","2022-02-18 08:51:08"
"https://uzfutbolka.ru/product/kozyrek-tyomno-zelenyy/","","0","Connection Refused","Non-Indexable","No Response","","0","0","","0","0","","0","","0","","0","","0","","","","","","","","","","0","0","0,000","2","","2","2","7,690","0","0","0","0","","","","","","","","","","","","https://uzfutbolka.ru/product/kozyrek-tyomno-zelenyy/","2022-02-18 08:51:08"
"https://uzfutbolka.ru/wp-content/uploads/2020/01/pechat-na-odezhde-2.jpeg","","0","Connection Refused","Non-Indexable","No Response","","0","0","","0","0","","0","","0","","0","","0","","","","","","","","","","0","0","0,000","2","","1","1","3,850","0","0","0","0","","","","","","","","","","","","https://uzfutbolka.ru/wp-content/uploads/2020/01/pechat-na-odezhde-2.jpeg","2022-02-18 08:51:14"
"https://uzfutbolka.ru/product/beysbolka-promo-zelenyy/","","0","Connection Refused","Non-Indexable","No Response","","0","0","","0","0","","0","","0","","0","","0","","","","","","","","","","0","0","0,000","2","","1","1","3,850","0","0","0","0","","","","","","","","","","","","https://uzfutbolka.ru/product/beysbolka-promo-zelenyy/","2022-02-18 08:51:18"
"https://uzfutbolka.ru/wp-content/uploads/2017/07/Бейсболка-мужская-черная1.jpg","","0","Connection Refused","Non-Indexable","No Response","","0","0","","0","0","","0","","0","","0","","0","","","","","","","","","","0","0","0,000","2","","1","1","3,850","0","0","0","0","","","","","","","","","","","","https://uzfutbolka.ru/wp-content/uploads/2017/07/%D0%91%D0%B5%D0%B9%D1%81%D0%B1%D0%BE%D0%BB%D0%BA%D0%B0-%D0%BC%D1%83%D0%B6%D1%81%D0%BA%D0%B0%D1%8F-%D1%87%D0%B5%D1%80%D0%BD%D0%B0%D1%8F1.jpg","2022-02-18 08:51:19"
"https://uzfutbolka.ru/wp-content/uploads/2019/07/promo-beysbolki.png","","0","Connection Refused","Non-Indexable","No Response","","0","0","","0","0","","0","","0","","0","","0","","","","","","","","","","0","0","0,000","2","","0","0","0,000","0","0","0","0","","","","","","","","","","","","https://uzfutbolka.ru/wp-content/uploads/2019/07/promo-beysbolki.png","2022-02-18 08:51:28"
"https://uzfutbolka.ru/product/futbolka-podrostkovaya-melanzh/","","0","Connection Refused","Non-Indexable","No Response","","0","0","","0","0","","0","","0","","0","","0","","","","","","","","","","0","0","0,000","2","","2","1","3,850","0","0","0","0","","","","","","","","","","","","https://uzfutbolka.ru/product/futbolka-podrostkovaya-melanzh/","2022-02-18 08:51:28"
"https://uzfutbolka.ru/product-tag/beysbolki-s-pryamym-kozyrkom/","","0","Connection Refused","Non-Indexable","No Response","","0","0","","0","0","","0","","0","","0","","0","","","","","","","","","","0","0","0,000","2","","3","3","11,540","0","0","0","0","","","","","","","","","","","","https://uzfutbolka.ru/product-tag/beysbolki-s-pryamym-kozyrkom/","2022-02-18 08:51:34"
"https://uzfutbolka.ru/product/kozyrek-bordovyy/","","0","Connection Refused","Non-Indexable","No Response","","0","0","","0","0","","0","","0","","0","","0","","","","","","","","","","0","0","0,000","2","","2","2","7,690","0","0","0","0","","","","","","","","","","","","https://uzfutbolka.ru/product/kozyrek-bordovyy/","2022-02-18 08:51:39"
"https://uzfutbolka.ru/product-category/promo-odezhda/promo-beysbolki/","","0","Connection Refused","Non-Indexable","No Response","","0","0","","0","0","","0","","0","","0","","0","","","","","","","","","","0","0","0,000","2","","3","2","7,690","0","0","0","0","","","","","","","","","","","","https://uzfutbolka.ru/product-category/promo-odezhda/promo-beysbolki/","2022-02-18 08:51:39"
"https://uzfutbolka.ru/wp-content/uploads/2020/01/pechat-na-odezhde-10.jpeg","image/jpeg","200","OK","Indexable","","","0","0","","0","0","","0","","0","","0","","0","","","","","","","","","","87476","0","0,000","2","","1","1","3,850","0","0","0","0","","","","","","16,090","Fri, 19 Feb 2021 20:03:46 GMT","","","","HTTP/1.1","https://uzfutbolka.ru/wp-content/uploads/2020/01/pechat-na-odezhde-10.jpeg","2022-02-18 08:51:48"
"https://uzfutbolka.ru/wp-content/uploads/2019/05/beysbolka-velyur-temno-seryy-2.jpg","image/jpeg","200","OK","Indexable","","","0","0","","0","0","","0","","0","","0","","0","","","","","","","","","","147428","0","0,000","2","","1","1","3,850","0","0","0","0","","","","","","10,504","Fri, 19 Feb 2021 20:03:46 GMT","","","","HTTP/1.1","https://uzfutbolka.ru/wp-content/uploads/2019/05/beysbolka-velyur-temno-seryy-2.jpg","2022-02-18 08:51:54"
"http://uzfutbolka.ru/wp-content/uploads/2017/11/info-pechat.jpg","text/html","301","Moved Permanently","Non-Indexable","Redirected","","0","0","","0","0","","0","","0","","0","","0","","","","","","","","","","169","0","0,000","2","","0","0","0,000","0","0","0","0","","","","","","0,043","","https://uzfutbolka.ru/wp-content/uploads/2017/11/info-pechat.jpg","HTTP Redirect","","HTTP/1.1","http://uzfutbolka.ru/wp-content/uploads/2017/11/info-pechat.jpg","2022-02-18 08:52:05"
"https://uzfutbolka.ru/wp-content/uploads/2017/06/futbolka_beliy_det1.jpg","image/jpeg","200","OK","Indexable","","","0","0","","0","0","","0","","0","","0","","0","","","","","","","","","","340864","0","0,000","2","","1","1","3,850","0","0","0","0","","","","","","0,059","Fri, 19 Feb 2021 20:03:46 GMT","","","","HTTP/1.1","https://uzfutbolka.ru/wp-content/uploads/2017/06/futbolka_beliy_det1.jpg","2022-02-18 08:52:05"
"https://uzfutbolka.ru/product/beysbolka-kamuflyazh/","","0","Connection Timeout","Non-Indexable","No Response","","0","0","","0","0","","0","","0","","0","","0","","","","","","","","","","0","0","0,000","2","","2","1","3,850","0","0","0","0","","","","","","","","","","","","https://uzfutbolka.ru/product/beysbolka-kamuflyazh/","2022-02-18 08:51:48"
"https://uzfutbolka.ru/pechat-na-tkani-na-zakaz/na-futbolkah","","0","Connection Timeout","Non-Indexable","No Response","","0","0","","0","0","","0","","0","","0","","0","","","","","","","","","","0","0","0,000","2","","1","1","3,850","0","0","0","0","","","","","","","","","","","","https://uzfutbolka.ru/pechat-na-tkani-na-zakaz/na-futbolkah","2022-02-18 08:51:59"
"https://uzfutbolka.ru/product-tag/beysbolki-pod-nanesenie/","","0","Connection Timeout","Non-Indexable","No Response","","0","0","","0","0","","0","","0","","0","","0","","","","","","","","","","0","0","0,000","2","","3","3","11,540","0","0","0","0","","","","","","","","","","","","https://uzfutbolka.ru/product-tag/beysbolki-pod-nanesenie/","2022-02-18 08:51:59"
"https://uzfutbolka.ru/mvs-global/pdf/prajs.jpg","image/jpeg","200","OK","Indexable","","","0","0","","0","0","","0","","0","","0","","0","","","","","","","","","","844","0","0,000","2","","0","0","0,000","0","0","0","0","","","","","","0,120","Fri, 19 Feb 2021 20:03:49 GMT","","","","HTTP/1.1","https://uzfutbolka.ru/mvs-global/pdf/prajs.jpg","2022-02-18 08:52:24"
"https://uzfutbolka.ru/product/ekonom-promo-futbolka-oranzhevaya/","","0","Connection Timeout","Non-Indexable","No Response","","0","0","","0","0","","0","","0","","0","","0","","","","","","","","","","0","0","0,000","2","","2","1","3,850","0","0","0","0","","","","","","","","","","","","https://uzfutbolka.ru/product/ekonom-promo-futbolka-oranzhevaya/","2022-02-18 08:52:05"
"https://uzfutbolka.ru/wp-content/uploads/2020/01/pechat-na-odezhde-9.jpeg","image/jpeg","200","OK","Indexable","","","0","0","","0","0","","0","","0","","0","","0","","","","","","","","","","98528","0","0,000","2","","1","1","3,850","0","0","0","0","","","","","","0,172","Fri, 19 Feb 2021 20:03:46 GMT","","","","HTTP/1.1","https://uzfutbolka.ru/wp-content/uploads/2020/01/pechat-na-odezhde-9.jpeg","2022-02-18 08:52:24"
"https://uzfutbolka.ru/wp-content/uploads/2019/03/longsliv-muzhskoy-seriy-1.jpg","image/jpeg","200","OK","Indexable","","","0","0","","0","0","","0","","0","","0","","0","","","","","","","","","","85743","0","0,000","2","","2","1","3,850","0","0","0","0","","","","","","0,108","Thu, 25 Feb 2021 06:34:02 GMT","","","","HTTP/1.1","https://uzfutbolka.ru/wp-content/uploads/2019/03/longsliv-muzhskoy-seriy-1.jpg","2022-02-18 08:52:25"
"https://uzfutbolka.ru/product/beysbolka-oranzhevaya/","","0","Connection Timeout","Non-Indexable","No Response","","0","0","","0","0","","0","","0","","0","","0","","","","","","","","","","0","0","0,000","2","","4","2","7,690","0","0","0","0","","","","","","","","","","","","https://uzfutbolka.ru/product/beysbolka-oranzhevaya/","2022-02-18 08:52:05"
"https://uzfutbolka.ru/wp-content/uploads/2019/05/beysbolka-velyur-chernyy-1.jpg","image/jpeg","200","OK","Indexable","","","0","0","","0","0","","0","","0","","0","","0","","","","","","","","","","136633","0","0,000","2","","1","1","3,850","0","0","0","0","","","","","","0,112","Fri, 19 Feb 2021 20:03:46 GMT","","","","HTTP/1.1","https://uzfutbolka.ru/wp-content/uploads/2019/05/beysbolka-velyur-chernyy-1.jpg","2022-02-18 08:52:25"
"https://uzfutbolka.ru/product/beysbolka-bezhevaya/","","0","Connection Timeout","Non-Indexable","No Response","","0","0","","0","0","","0","","0","","0","","0","","","","","","","","","","0","0","0,000","2","","2","1","3,850","0","0","0","0","","","","","","","","","","","","https://uzfutbolka.ru/product/beysbolka-bezhevaya/","2022-02-18 08:52:24"
"https://uzfutbolka.ru/katalog/page/4/","","0","Connection Timeout","Non-Indexable","No Response","","0","0","","0","0","","0","","0","","0","","0","","","","","","","","","","0","0","0,000","2","","1","1","3,850","0","0","0","0","","","","","","","","","","","","https://uzfutbolka.ru/katalog/page/4/","2022-02-18 08:52:25"
"https://uzfutbolka.ru/pechat-na-tkani-na-zakaz/na-bejsbolkah","","0","Connection Timeout","Non-Indexable","No Response","","0","0","","0","0","","0","","0","","0","","0","","","","","","","","","","0","0","0,000","2","","1","1","3,850","0","0","0","0","","","","","","","","","","","","https://uzfutbolka.ru/pechat-na-tkani-na-zakaz/na-bejsbolkah","2022-02-18 08:52:25"
"https://uzfutbolka.ru/product/longsliv-muzhskoy-siniy/","","0","Connection Timeout","Non-Indexable","No Response","","0","0","","0","0","","0","","0","","0","","0","","","","","","","","","","0","0","0,000","2","","2","1","3,850","0","0","0","0","","","","","","","","","","","","https://uzfutbolka.ru/product/longsliv-muzhskoy-siniy/","2022-02-18 08:52:25"
"https://uzfutbolka.ru/product/futbolka-detskaya-chyornaya/","","0","Connection Timeout","Non-Indexable","No Response","","0","0","","0","0","","0","","0","","0","","0","","","","","","","","","","0","0","0,000","2","","2","1","3,850","0","0","0","0","","","","","","","","","","","","https://uzfutbolka.ru/product/futbolka-detskaya-chyornaya/","2022-02-18 08:52:25"
"https://uzfutbolka.ru/wp-content/uploads/2019/07/0710100512-detskie_futbolki_belie_2.jpg","image/jpeg","200","OK","Indexable","","","0","0","","0","0","","0","","0","","0","","0","","","","","","","","","","180608","0","0,000","2","","1","1","3,850","0","0","0","0","","","","","","13,336","Fri, 19 Feb 2021 20:03:46 GMT","","","","HTTP/1.1","https://uzfutbolka.ru/wp-content/uploads/2019/07/0710100512-detskie_futbolki_belie_2.jpg","2022-02-18 08:52:45"
"https://uzfutbolka.ru/wp-content/uploads/2017/07/Мужская-толстовка-на-молнии-бирюза-3-х-нитка1.jpg","image/jpeg","200","OK","Indexable","","","0","0","","0","0","","0","","0","","0","","0","","","","","","","","","","453268","0","0,000","2","","2","1","3,850","0","0","0","0","","","","","","13,449","Fri, 19 Feb 2021 20:03:46 GMT","","","","HTTP/1.1","https://uzfutbolka.ru/wp-content/uploads/2017/07/%D0%9C%D1%83%D0%B6%D1%81%D0%BA%D0%B0%D1%8F-%D1%82%D0%BE%D0%BB%D1%81%D1%82%D0%BE%D0%B2%D0%BA%D0%B0-%D0%BD%D0%B0-%D0%BC%D0%BE%D0%BB%D0%BD%D0%B8%D0%B8-%D0%B1%D0%B8%D1%80%D1%8E%D0%B7%D0%B0-3-%D1%85-%D0%BD%D0%B8%D1%82%D0%BA%D0%B01.jpg","2022-02-18 08:52:45"
"https://uzfutbolka.ru/product/kozyrek-tyomno-siniy/","","0","Connection Timeout","Non-Indexable","No Response","","0","0","","0","0","","0","","0","","0","","0","","","","","","","","","","0","0","0,000","2","","4","2","7,690","0","0","0","0","","","","","","","","","","","","https://uzfutbolka.ru/product/kozyrek-tyomno-siniy/","2022-02-18 08:52:45"
"https://uzfutbolka.ru/product/zhenskaya-tolstovka-na-molnii-sinyaya/","","0","Connection Timeout","Non-Indexable","No Response","","0","0","","0","0","","0","","0","","0","","0","","","","","","","","","","0","0","0,000","2","","6","3","11,540","0","0","0","0","","","","","","","","","","","","https://uzfutbolka.ru/product/zhenskaya-tolstovka-na-molnii-sinyaya/","2022-02-18 08:52:45"
"https://uzfutbolka.ru/wp-content/uploads/2019/05/beysbolka-poluvelyur-korichnevyy-2.jpg","image/jpeg","200","OK","Indexable","","","0","0","","0","0","","0","","0","","0","","0","","","","","","","","","","124058","0","0,000","2","","1","1","3,850","0","0","0","0","","","","","","6,234","Fri, 19 Feb 2021 20:03:46 GMT","","","","HTTP/1.1","https://uzfutbolka.ru/wp-content/uploads/2019/05/beysbolka-poluvelyur-korichnevyy-2.jpg","2022-02-18 08:53:18"
"https://uzfutbolka.ru/product-category/futbolki/detskie-futbolki","","0","Connection Timeout","Non-Indexable","No Response","","0","0","","0","0","","0","","0","","0","","0","","","","","","","","","","0","0","0,000","2","","1","1","3,850","0","0","0","0","","","","","","","","","","","","https://uzfutbolka.ru/product-category/futbolki/detskie-futbolki","2022-02-18 08:52:45"
"https://uzfutbolka.ru/pechat-na-tkani-na-zakaz/na-longslivah","","0","Connection Timeout","Non-Indexable","No Response","","0","0","","0","0","","0","","0","","0","","0","","","","","","","","","","0","0","0,000","2","","1","1","3,850","0","0","0","0","","","","","","","","","","","","https://uzfutbolka.ru/pechat-na-tkani-na-zakaz/na-longslivah","2022-02-18 08:52:58"
"https://uzfutbolka.ru/product/longsliv-muzhskoy-s-laykroy-chernyy/","","0","Connection Timeout","Non-Indexable","No Response","","0","0","","0","0","","0","","0","","0","","0","","","","","","","","","","0","0","0,000","2","","2","1","3,850","0","0","0","0","","","","","","","","","","","","https://uzfutbolka.ru/product/longsliv-muzhskoy-s-laykroy-chernyy/","2022-02-18 08:52:58"
"https://uzfutbolka.ru/wp-content/uploads/2017/06/futbolka_beliy_det.jpg","image/jpeg","200","OK","Indexable","","","0","0","","0","0","","0","","0","","0","","0","","","","","","","","","","357854","0","0,000","2","","2","1","3,850","0","0","0","0","","","","","","3,350","Fri, 19 Feb 2021 20:03:46 GMT","","","","HTTP/1.1","https://uzfutbolka.ru/wp-content/uploads/2017/06/futbolka_beliy_det.jpg","2022-02-18 08:53:33"
"https://uzfutbolka.ru/product/beysbolka-zheltaya/","","0","Connection Timeout","Non-Indexable","No Response","","0","0","","0","0","","0","","0","","0","","0","","","","","","","","","","0","0","0,000","2","","6","3","11,540","0","0","0","0","","","","","","","","","","","","https://uzfutbolka.ru/product/beysbolka-zheltaya/","2022-02-18 08:53:20"
"https://uzfutbolka.ru/wp-content/uploads/2017/07/Мужская-толстовка-на-молнии-меланж-2-х-нитка2.jpg","image/jpeg","200","OK","Indexable","","","0","0","","0","0","","0","","0","","0","","0","","","","","","","","","","486277","0","0,000","2","","1","1","3,850","0","0","0","0","","","","","","8,675","Fri, 19 Feb 2021 20:03:46 GMT","","","","HTTP/1.1","https://uzfutbolka.ru/wp-content/uploads/2017/07/%D0%9C%D1%83%D0%B6%D1%81%D0%BA%D0%B0%D1%8F-%D1%82%D0%BE%D0%BB%D1%81%D1%82%D0%BE%D0%B2%D0%BA%D0%B0-%D0%BD%D0%B0-%D0%BC%D0%BE%D0%BB%D0%BD%D0%B8%D0%B8-%D0%BC%D0%B5%D0%BB%D0%B0%D0%BD%D0%B6-2-%D1%85-%D0%BD%D0%B8%D1%82%D0%BA%D0%B02.jpg","2022-02-18 08:53:36"
"https://uzfutbolka.ru/product/futbolka-muzhskaya-belaya/","","0","Connection Timeout","Non-Indexable","No Response","","0","0","","0","0","","0","","0","","0","","0","","","","","","","","","","0","0","0,000","2","","2","1","3,850","0","0","0","0","","","","","","","","","","","","https://uzfutbolka.ru/product/futbolka-muzhskaya-belaya/","2022-02-18 08:53:24"
"https://uzfutbolka.ru/product/longsliv-zhenskiy-malinovyy/","","0","Connection Timeout","Non-Indexable","No Response","","0","0","","0","0","","0","","0","","0","","0","","","","","","","","","","0","0","0,000","2","","2","1","3,850","0","0","0","0","","","","","","","","","","","","https://uzfutbolka.ru/product/longsliv-zhenskiy-malinovyy/","2022-02-18 08:53:25"
"https://uzfutbolka.ru/wp-content/uploads/2019/03/longsliv-muzhskoy-seriy-3.jpg","image/jpeg","200","OK","Indexable","","","0","0","","0","0","","0","","0","","0","","0","","","","","","","","","","97913","0","0,000","2","","1","1","3,850","0","0","0","0","","","","","","7,144","Thu, 25 Feb 2021 06:34:03 GMT","","","","HTTP/1.1","https://uzfutbolka.ru/wp-content/uploads/2019/03/longsliv-muzhskoy-seriy-3.jpg","2022-02-18 08:53:43"
"https://uzfutbolka.ru/product/kozyrek-oranzhevyy/","","0","Connection Timeout","Non-Indexable","No Response","","0","0","","0","0","","0","","0","","0","","0","","","","","","","","","","0","0","0,000","2","","2","2","7,690","0","0","0","0","","","","","","","","","","","","https://uzfutbolka.ru/product/kozyrek-oranzhevyy/","2022-02-18 08:53:36"
"https://uzfutbolka.ru/product-category/promo-odezhda/promo-futbolki/","","0","Connection Timeout","Non-Indexable","No Response","","0","0","","0","0","","0","","0","","0","","0","","","","","","","","","","0","0","0,000","2","","1","1","3,850","0","0","0","0","","","","","","","","","","","","https://uzfutbolka.ru/product-category/promo-odezhda/promo-futbolki/","2022-02-18 08:53:47"
"https://uzfutbolka.ru/product/beysbolka-tyomno-zelyonaya/","","0","Connection Timeout","Non-Indexable","No Response","","0","0","","0","0","","0","","0","","0","","0","","","","","","","","","","0","0","0,000","2","","2","1","3,850","0","0","0","0","","","","","","","","","","","","https://uzfutbolka.ru/product/beysbolka-tyomno-zelyonaya/","2022-02-18 08:53:48"
"https://uzfutbolka.ru/product/longsliv-muzhskoy-shokolad/","","0","Connection Timeout","Non-Indexable","No Response","","0","0","","0","0","","0","","0","","0","","0","","","","","","","","","","0","0","0,000","2","","2","1","3,850","0","0","0","0","","","","","","","","","","","","https://uzfutbolka.ru/product/longsliv-muzhskoy-shokolad/","2022-02-18 08:53:45"
"https://uzfutbolka.ru/product/futbolka-zhenskaya-belaya/","","0","Connection Timeout","Non-Indexable","No Response","","0","0","","0","0","","0","","0","","0","","0","","","","","","","","","","0","0","0,000","2","","2","1","3,850","0","0","0","0","","","","","","","","","","","","https://uzfutbolka.ru/product/futbolka-zhenskaya-belaya/","2022-02-18 08:53:50"
"https://uzfutbolka.ru/product/ekonom-promo-futbolka-zelenaya/","","0","Connection Timeout","Non-Indexable","No Response","","0","0","","0","0","","0","","0","","0","","0","","","","","","","","","","0","0","0,000","2","","2","1","3,850","0","0","0","0","","","","","","","","","","","","https://uzfutbolka.ru/product/ekonom-promo-futbolka-zelenaya/","2022-02-18 08:54:02"
"https://uzfutbolka.ru/product/longsliv-muzhskoy-biryuzovyy/","","0","Connection Refused","Non-Indexable","No Response","","0","0","","0","0","","0","","0","","0","","0","","","","","","","","","","0","0","0,000","2","","2","1","3,850","0","0","0","0","","","","","","","","","","","","https://uzfutbolka.ru/product/longsliv-muzhskoy-biryuzovyy/","2022-02-18 08:54:08"
"https://uzfutbolka.ru/product/ekonom-promo-futbolka-sinyaya/","","0","Connection Refused","Non-Indexable","No Response","","0","0","","0","0","","0","","0","","0","","0","","","","","","","","","","0","0","0,000","2","","4","2","7,690","0","0","0","0","","","","","","","","","","","","https://uzfutbolka.ru/product/ekonom-promo-futbolka-sinyaya/","2022-02-18 08:54:08"
"https://uzfutbolka.ru/product-category/futbolki/detskie-futbolki/","","0","Connection Refused","Non-Indexable","No Response","","0","0","","0","0","","0","","0","","0","","0","","","","","","","","","","0","0","0,000","2","","2","1","3,850","0","0","0","0","","","","","","","","","","","","https://uzfutbolka.ru/product-category/futbolki/detskie-futbolki/","2022-02-18 08:54:13"
"https://uzfutbolka.ru/product/zhenskaya-tolstovka-na-molnii-biryuzovaya/","","0","Connection Refused","Non-Indexable","No Response","","0","0","","0","0","","0","","0","","0","","0","","","","","","","","","","0","0","0,000","2","","8","4","15,380","0","0","0","0","","","","","","","","","","","","https://uzfutbolka.ru/product/zhenskaya-tolstovka-na-molnii-biryuzovaya/","2022-02-18 08:54:28"
"https://uzfutbolka.ru/product/futbolka-muzhskaya-oversize-chernaya/","","0","Connection Refused","Non-Indexable","No Response","","0","0","","0","0","","0","","0","","0","","0","","","","","","","","","","0","0","0,000","2","","26","13","50,000","0","0","0","0","","","","","","","","","","","","https://uzfutbolka.ru/product/futbolka-muzhskaya-oversize-chernaya/","2022-02-18 08:54:28"
"https://uzfutbolka.ru/product/beysbolka-promo-bordovaya/","","0","Connection Refused","Non-Indexable","No Response","","0","0","","0","0","","0","","0","","0","","0","","","","","","","","","","0","0","0,000","2","","1","1","3,850","0","0","0","0","","","","","","","","","","","","https://uzfutbolka.ru/product/beysbolka-promo-bordovaya/","2022-02-18 08:54:28"
"https://uzfutbolka.ru/wp-content/uploads/2019/07/futbolka-muzhskaya-chernaya-8.jpg","","0","Connection Refused","Non-Indexable","No Response","","0","0","","0","0","","0","","0","","0","","0","","","","","","","","","","0","0","0,000","2","","1","1","3,850","0","0","0","0","","","","","","","","","","","","https://uzfutbolka.ru/wp-content/uploads/2019/07/futbolka-muzhskaya-chernaya-8.jpg","2022-02-18 08:54:33"
"https://uzfutbolka.ru/wp-content/uploads/2019/05/beysbolka-poluvelyur-korichnevyy-4.jpg","image/jpeg","200","OK","Indexable","","","0","0","","0","0","","0","","0","","0","","0","","","","","","","","","","132160","0","0,000","2","","1","1","3,850","0","0","0","0","","","","","","47,916","Fri, 19 Feb 2021 20:03:46 GMT","","","","HTTP/1.1","https://uzfutbolka.ru/wp-content/uploads/2019/05/beysbolka-poluvelyur-korichnevyy-4.jpg","2022-02-18 08:54:08"
"https://uzfutbolka.ru/wp-content/uploads/2017/07/Бейсболка-мужская-черная2.jpg","","0","Connection Refused","Non-Indexable","No Response","","0","0","","0","0","","0","","0","","0","","0","","","","","","","","","","0","0","0,000","2","","1","1","3,850","0","0","0","0","","","","","","","","","","","","https://uzfutbolka.ru/wp-content/uploads/2017/07/%D0%91%D0%B5%D0%B9%D1%81%D0%B1%D0%BE%D0%BB%D0%BA%D0%B0-%D0%BC%D1%83%D0%B6%D1%81%D0%BA%D0%B0%D1%8F-%D1%87%D0%B5%D1%80%D0%BD%D0%B0%D1%8F2.jpg","2022-02-18 08:54:48"
"https://uzfutbolka.ru/wp-content/uploads/2019/03/longsliv-muzhskoy-krasniy-1-1.jpg","","0","Connection Refused","Non-Indexable","No Response","","0","0","","0","0","","0","","0","","0","","0","","","","","","","","","","0","0","0,000","2","","1","1","3,850","0","0","0","0","","","","","","","","","","","","https://uzfutbolka.ru/wp-content/uploads/2019/03/longsliv-muzhskoy-krasniy-1-1.jpg","2022-02-18 08:54:48"
"https://uzfutbolka.ru/product/futbolka-zhenskaya-s-laykroy-rozovaya/","","0","Connection Refused","Non-Indexable","No Response","","0","0","","0","0","","0","","0","","0","","0","","","","","","","","","","0","0","0,000","2","","2","1","3,850","0","0","0","0","","","","","","","","","","","","https://uzfutbolka.ru/product/futbolka-zhenskaya-s-laykroy-rozovaya/","2022-02-18 08:54:48"
"https://uzfutbolka.ru/product/beysbolka-bordovaya/","","0","Connection Refused","Non-Indexable","No Response","","0","0","","0","0","","0","","0","","0","","0","","","","","","","","","","0","0","0,000","2","","2","1","3,850","0","0","0","0","","","","","","","","","","","","https://uzfutbolka.ru/product/beysbolka-bordovaya/","2022-02-18 08:54:55"
"http://uzfutbolka.ru/wp-content/uploads/2018/01/delivery.jpg","","0","Connection Timeout","Non-Indexable","No Response","","0","0","","0","0","","0","","0","","0","","0","","","","","","","","","","0","0","0,000","2","","0","0","0,000","0","0","0","0","","","","","","","","","","","","http://uzfutbolka.ru/wp-content/uploads/2018/01/delivery.jpg","2022-02-18 08:54:56"
"https://uzfutbolka.ru/wp-content/uploads/2019/07/promo-futbolki.png","","0","Connection Refused","Non-Indexable","No Response","","0","0","","0","0","","0","","0","","0","","0","","","","","","","","","","0","0","0,000","2","","0","0","0,000","0","0","0","0","","","","","","","","","","","","https://uzfutbolka.ru/wp-content/uploads/2019/07/promo-futbolki.png","2022-02-18 08:55:10"
"https://uzfutbolka.ru/product/futbolka-muzhskaya-haki/","","0","Connection Refused","Non-Indexable","No Response","","0","0","","0","0","","0","","0","","0","","0","","","","","","","","","","0","0","0,000","2","","2","1","3,850","0","0","0","0","","","","","","","","","","","","https://uzfutbolka.ru/product/futbolka-muzhskaya-haki/","2022-02-18 08:55:11"
"https://uzfutbolka.ru/wp-content/uploads/2019/07/futbolka-muzhskaya-chernaya-6.jpg","","0","Connection Refused","Non-Indexable","No Response","","0","0","","0","0","","0","","0","","0","","0","","","","","","","","","","0","0","0,000","2","","1","1","3,850","0","0","0","0","","","","","","","","","","","","https://uzfutbolka.ru/wp-content/uploads/2019/07/futbolka-muzhskaya-chernaya-6.jpg","2022-02-18 08:55:11"
"https://uzfutbolka.ru/katalog/page/2/","","0","Connection Refused","Non-Indexable","No Response","","0","0","","0","0","","0","","0","","0","","0","","","","","","","","","","0","0","0,000","2","","2","1","3,850","0","0","0","0","","","","","","","","","","","","https://uzfutbolka.ru/katalog/page/2/","2022-02-18 08:55:16"
"https://uzfutbolka.ru/product/beysbolka-zelyonaya/","","0","Connection Refused","Non-Indexable","No Response","","0","0","","0","0","","0","","0","","0","","0","","","","","","","","","","0","0","0,000","2","","4","2","7,690","0","0","0","0","","","","","","","","","","","","https://uzfutbolka.ru/product/beysbolka-zelyonaya/","2022-02-18 08:55:16"
"https://uzfutbolka.ru/wp-content/uploads/2017/07/Мужская-толстовка-кенгуру-черная-2-х-нитка1.jpg","","0","Connection Refused","Non-Indexable","No Response","","0","0","","0","0","","0","","0","","0","","0","","","","","","","","","","0","0","0,000","2","","1","1","3,850","0","0","0","0","","","","","","","","","","","","https://uzfutbolka.ru/wp-content/uploads/2017/07/%D0%9C%D1%83%D0%B6%D1%81%D0%BA%D0%B0%D1%8F-%D1%82%D0%BE%D0%BB%D1%81%D1%82%D0%BE%D0%B2%D0%BA%D0%B0-%D0%BA%D0%B5%D0%BD%D0%B3%D1%83%D1%80%D1%83-%D1%87%D0%B5%D1%80%D0%BD%D0%B0%D1%8F-2-%D1%85-%D0%BD%D0%B8%D1%82%D0%BA%D0%B01.jpg","2022-02-18 08:55:30"
"https://uzfutbolka.ru/product/beysbolka-sinyaya/","","0","Connection Refused","Non-Indexable","No Response","","0","0","","0","0","","0","","0","","0","","0","","","","","","","","","","0","0","0,000","2","","4","2","7,690","0","0","0","0","","","","","","","","","","","","https://uzfutbolka.ru/product/beysbolka-sinyaya/","2022-02-18 08:55:31"
"https://uzfutbolka.ru/product/futbolka-zhenskaya-nebo/","","0","Connection Refused","Non-Indexable","No Response","","0","0","","0","0","","0","","0","","0","","0","","","","","","","","","","0","0","0,000","2","","2","1","3,850","0","0","0","0","","","","","","","","","","","","https://uzfutbolka.ru/product/futbolka-zhenskaya-nebo/","2022-02-18 08:55:31"
"https://uzfutbolka.ru/wp-content/uploads/2017/07/Бейсболка-детская-черная1.jpg","","0","Connection Refused","Non-Indexable","No Response","","0","0","","0","0","","0","","0","","0","","0","","","","","","","","","","0","0","0,000","2","","1","1","3,850","0","0","0","0","","","","","","","","","","","","https://uzfutbolka.ru/wp-content/uploads/2017/07/%D0%91%D0%B5%D0%B9%D1%81%D0%B1%D0%BE%D0%BB%D0%BA%D0%B0-%D0%B4%D0%B5%D1%82%D1%81%D0%BA%D0%B0%D1%8F-%D1%87%D0%B5%D1%80%D0%BD%D0%B0%D1%8F1.jpg","2022-02-18 08:55:36"
"https://uzfutbolka.ru/wp-content/uploads/2019/05/zhenskie-1.png","","0","Connection Refused","Non-Indexable","No Response","","0","0","","0","0","","0","","0","","0","","0","","","","","","","","","","0","0","0,000","2","","0","0","0,000","0","0","0","0","","","","","","","","","","","","https://uzfutbolka.ru/wp-content/uploads/2019/05/zhenskie-1.png","2022-02-18 08:55:36"
"https://uzfutbolka.ru/product/futbolka-muzhskaya-oversize-belaya/","","0","Connection Refused","Non-Indexable","No Response","","0","0","","0","0","","0","","0","","0","","0","","","","","","","","","","0","0","0,000","2","","26","13","50,000","0","0","0","0","","","","","","","","","","","","https://uzfutbolka.ru/product/futbolka-muzhskaya-oversize-belaya/","2022-02-18 08:55:50"
"https://uzfutbolka.ru/product/beysbolka-promo-chernaya/","","0","Connection Refused","Non-Indexable","No Response","","0","0","","0","0","","0","","0","","0","","0","","","","","","","","","","0","0","0,000","2","","2","2","7,690","0","0","0","0","","","","","","","","","","","","https://uzfutbolka.ru/product/beysbolka-promo-chernaya/","2022-02-18 08:55:51"
"https://uzfutbolka.ru/product/ekonom-promo-futbolka-zhyoltaya/","","0","Connection Refused","Non-Indexable","No Response","","0","0","","0","0","","0","","0","","0","","0","","","","","","","","","","0","0","0,000","2","","2","1","3,850","0","0","0","0","","","","","","","","","","","","https://uzfutbolka.ru/product/ekonom-promo-futbolka-zhyoltaya/","2022-02-18 08:55:51"
"https://uzfutbolka.ru/product/beysbolka-belaya/","","0","Connection Refused","Non-Indexable","No Response","","0","0","","0","0","","0","","0","","0","","0","","","","","","","","","","0","0","0,000","2","","4","2","7,690","0","0","0","0","","","","","","","","","","","","https://uzfutbolka.ru/product/beysbolka-belaya/","2022-02-18 08:55:56"
"https://uzfutbolka.ru/product/beysbolka-krasnaya/","","0","Connection Refused","Non-Indexable","No Response","","0","0","","0","0","","0","","0","","0","","0","","","","","","","","","","0","0","0,000","2","","6","3","11,540","0","0","0","0","","","","","","","","","","","","https://uzfutbolka.ru/product/beysbolka-krasnaya/","2022-02-18 08:55:56"
"https://uzfutbolka.ru/wp-content/uploads/2019/05/beysbolka-velyur-temno-seryy-1.jpg","image/jpeg","200","OK","Indexable","","","0","0","","0","0","","0","","0","","0","","0","","","","","","","","","","172178","0","0,000","2","","1","1","3,850","0","0","0","0","","","","","","29,136","Fri, 19 Feb 2021 20:03:46 GMT","","","","HTTP/1.1","https://uzfutbolka.ru/wp-content/uploads/2019/05/beysbolka-velyur-temno-seryy-1.jpg","2022-02-18 08:56:11"
"https://uzfutbolka.ru/wp-content/uploads/2019/03/longsliv-muzhskoy-beliy-2.jpg","image/jpeg","200","OK","Indexable","","","0","0","","0","0","","0","","0","","0","","0","","","","","","","","","","54240","0","0,000","2","","2","1","3,850","0","0","0","0","","","","","","0,217","Thu, 25 Feb 2021 06:27:02 GMT","","","","HTTP/1.1","https://uzfutbolka.ru/wp-content/uploads/2019/03/longsliv-muzhskoy-beliy-2.jpg","2022-02-18 08:56:40"
"https://uzfutbolka.ru/product/beysbolka-promo-oranzhevaya/","","0","Connection Timeout","Non-Indexable","No Response","","0","0","","0","0","","0","","0","","0","","0","","","","","","","","","","0","0","0,000","2","","2","2","7,690","0","0","0","0","","","","","","","","","","","","https://uzfutbolka.ru/product/beysbolka-promo-oranzhevaya/","2022-02-18 08:56:11"
"https://uzfutbolka.ru/product-category/tolstovki/muzhskie-tolstovki/","","0","Connection Timeout","Non-Indexable","No Response","","0","0","","0","0","","0","","0","","0","","0","","","","","","","","","","0","0","0,000","2","","7","4","15,380","0","0","0","0","","","","","","","","","","","","https://uzfutbolka.ru/product-category/tolstovki/muzhskie-tolstovki/","2022-02-18 08:56:10"
"https://uzfutbolka.ru/product/longsliv-muzhskoy-temno-siniy/","","0","Connection Timeout","Non-Indexable","No Response","","0","0","","0","0","","0","","0","","0","","0","","","","","","","","","","0","0","0,000","2","","2","1","3,850","0","0","0","0","","","","","","","","","","","","https://uzfutbolka.ru/product/longsliv-muzhskoy-temno-siniy/","2022-02-18 08:56:16"
"https://uzfutbolka.ru/product/zhenskaya-tolstovka-na-molnii-chernaya/","","0","Connection Timeout","Non-Indexable","No Response","","0","0","","0","0","","0","","0","","0","","0","","","","","","","","","","0","0","0,000","2","","4","2","7,690","0","0","0","0","","","","","","","","","","","","https://uzfutbolka.ru/product/zhenskaya-tolstovka-na-molnii-chernaya/","2022-02-18 08:56:16"
"https://uzfutbolka.ru/katalog/page/3/","","0","Connection Timeout","Non-Indexable","No Response","","0","0","","0","0","","0","","0","","0","","0","","","","","","","","","","0","0","0,000","2","","1","1","3,850","0","0","0","0","","","","","","","","","","","","https://uzfutbolka.ru/katalog/page/3/","2022-02-18 08:56:40"
"https://uzfutbolka.ru/katalog/page/13/","","0","Connection Timeout","Non-Indexable","No Response","","0","0","","0","0","","0","","0","","0","","0","","","","","","","","","","0","0","0,000","2","","1","1","3,850","0","0","0","0","","","","","","","","","","","","https://uzfutbolka.ru/katalog/page/13/","2022-02-18 08:56:47"
"https://uzfutbolka.ru/wp-content/uploads/2019/05/beysbolka-promo-siniy-2.jpg","image/jpeg","200","OK","Indexable","","","0","0","","0","0","","0","","0","","0","","0","","","","","","","","","","129694","0","0,000","3","","1","1","3,850","0","0","0","0","","","","","","6,722","Fri, 19 Feb 2021 20:03:46 GMT","","","","HTTP/1.1","https://uzfutbolka.ru/wp-content/uploads/2019/05/beysbolka-promo-siniy-2.jpg","2022-02-18 08:57:09"
"https://uzfutbolka.ru/wp-content/uploads/2019/05/kozyrek-zelenyy-1.jpg","image/jpeg","200","OK","Indexable","","","0","0","","0","0","","0","","0","","0","","0","","","","","","","","","","127472","0","0,000","3","","1","1","3,850","0","0","0","0","","","","","","2,331","Fri, 19 Feb 2021 20:03:46 GMT","","","","HTTP/1.1","https://uzfutbolka.ru/wp-content/uploads/2019/05/kozyrek-zelenyy-1.jpg","2022-02-18 08:57:13"
"https://uzfutbolka.ru/wp-content/uploads/2017/11/info-pechat.jpg","image/jpeg","200","OK","Indexable","","","0","0","","0","0","","0","","0","","0","","0","","","","","","","","","","146227","0","0,000","3","","0","0","0,000","0","0","0","0","","","","","","0,097","Fri, 19 Feb 2021 20:03:46 GMT","","","","HTTP/1.1","https://uzfutbolka.ru/wp-content/uploads/2017/11/info-pechat.jpg","2022-02-18 08:57:15"
"https://uzfutbolka.ru/wp-content/uploads/2017/07/Промо-козырек-зеленый2.jpg","image/jpeg","200","OK","Indexable","","","0","0","","0","0","","0","","0","","0","","0","","","","","","","","","","374641","0","0,000","3","","1","1","3,850","0","0","0","0","","","","","","0,116","Fri, 19 Feb 2021 20:03:46 GMT","","","","HTTP/1.1","https://uzfutbolka.ru/wp-content/uploads/2017/07/%D0%9F%D1%80%D0%BE%D0%BC%D0%BE-%D0%BA%D0%BE%D0%B7%D1%8B%D1%80%D0%B5%D0%BA-%D0%B7%D0%B5%D0%BB%D0%B5%D0%BD%D1%8B%D0%B92.jpg","2022-02-18 08:57:15"
"https://uzfutbolka.ru/wp-content/uploads/2017/07/Бейсболка-промо-синяя1.jpg","image/jpeg","200","OK","Indexable","","","0","0","","0","0","","0","","0","","0","","0","","","","","","","","","","430554","0","0,000","3","","1","1","3,850","0","0","0","0","","","","","","0,112","Fri, 19 Feb 2021 20:03:46 GMT","","","","HTTP/1.1","https://uzfutbolka.ru/wp-content/uploads/2017/07/%D0%91%D0%B5%D0%B9%D1%81%D0%B1%D0%BE%D0%BB%D0%BA%D0%B0-%D0%BF%D1%80%D0%BE%D0%BC%D0%BE-%D1%81%D0%B8%D0%BD%D1%8F%D1%8F1.jpg","2022-02-18 08:57:16"
"https://uzfutbolka.ru/wp-content/uploads/2017/07/Промо-козырек-зеленый1.jpg","image/jpeg","200","OK","Indexable","","","0","0","","0","0","","0","","0","","0","","0","","","","","","","","","","419772","0","0,000","3","","1","1","3,850","0","0","0","0","","","","","","0,113","Fri, 19 Feb 2021 20:03:46 GMT","","","","HTTP/1.1","https://uzfutbolka.ru/wp-content/uploads/2017/07/%D0%9F%D1%80%D0%BE%D0%BC%D0%BE-%D0%BA%D0%BE%D0%B7%D1%8B%D1%80%D0%B5%D0%BA-%D0%B7%D0%B5%D0%BB%D0%B5%D0%BD%D1%8B%D0%B91.jpg","2022-02-18 08:57:16"
"https://uzfutbolka.ru/wp-content/uploads/2019/05/kozyrek-zelenyy-2.jpg","image/jpeg","200","OK","Indexable","","","0","0","","0","0","","0","","0","","0","","0","","","","","","","","","","126449","0","0,000","3","","1","1","3,850","0","0","0","0","","","","","","0,110","Fri, 19 Feb 2021 20:03:46 GMT","","","","HTTP/1.1","https://uzfutbolka.ru/wp-content/uploads/2019/05/kozyrek-zelenyy-2.jpg","2022-02-18 08:57:16"
"https://uzfutbolka.ru/wp-content/uploads/2019/05/beysbolka-promo-siniy-4.jpg","image/jpeg","200","OK","Indexable","","","0","0","","0","0","","0","","0","","0","","0","","","","","","","","","","154638","0","0,000","3","","1","1","3,850","0","0","0","0","","","","","","0,101","Fri, 19 Feb 2021 20:03:46 GMT","","","","HTTP/1.1","https://uzfutbolka.ru/wp-content/uploads/2019/05/beysbolka-promo-siniy-4.jpg","2022-02-18 08:57:16"
"https://uzfutbolka.ru/wp-content/uploads/2019/05/kozyrek-zelenyy-4.jpg","image/jpeg","200","OK","Indexable","","","0","0","","0","0","","0","","0","","0","","0","","","","","","","","","","96743","0","0,000","3","","1","1","3,850","0","0","0","0","","","","","","0,111","Fri, 19 Feb 2021 20:03:46 GMT","","","","HTTP/1.1","https://uzfutbolka.ru/wp-content/uploads/2019/05/kozyrek-zelenyy-4.jpg","2022-02-18 08:57:16"
"https://uzfutbolka.ru/product/beysbolka-promo-tyomno-zelenaya/","","0","Connection Timeout","Non-Indexable","No Response","","0","0","","0","0","","0","","0","","0","","0","","","","","","","","","","0","0","0,000","2","","2","2","7,690","0","0","0","0","","","","","","","","","","","","https://uzfutbolka.ru/product/beysbolka-promo-tyomno-zelenaya/","2022-02-18 08:56:51"
"https://uzfutbolka.ru/product/ekonom-promo-futbolka-melanzh/","","0","Connection Timeout","Non-Indexable","No Response","","0","0","","0","0","","0","","0","","0","","0","","","","","","","","","","0","0","0,000","2","","4","2","7,690","0","0","0","0","","","","","","","","","","","","https://uzfutbolka.ru/product/ekonom-promo-futbolka-melanzh/","2022-02-18 08:56:56"
"https://uzfutbolka.ru/product/beysbolka-seraya/","","0","Connection Timeout","Non-Indexable","No Response","","0","0","","0","0","","0","","0","","0","","0","","","","","","","","","","0","0","0,000","2","","4","2","7,690","0","0","0","0","","","","","","","","","","","","https://uzfutbolka.ru/product/beysbolka-seraya/","2022-02-18 08:57:00"
"https://uzfutbolka.ru/wp-content/uploads/2019/05/beysbolka-promo-siniy-3.jpg","image/jpeg","200","OK","Indexable","","","0","0","","0","0","","0","","0","","0","","0","","","","","","","","","","720744","0","0,000","3","","1","1","3,850","0","0","0","0","","","","","","4,749","Fri, 19 Feb 2021 20:03:46 GMT","","","","HTTP/1.1","https://uzfutbolka.ru/wp-content/uploads/2019/05/beysbolka-promo-siniy-3.jpg","2022-02-18 08:57:22"
"https://uzfutbolka.ru/wp-content/uploads/2017/07/Бейсболка-промо-синяя2.jpg","image/jpeg","200","OK","Indexable","","","0","0","","0","0","","0","","0","","0","","0","","","","","","","","","","490925","0","0,000","3","","1","1","3,850","0","0","0","0","","","","","","4,705","Fri, 19 Feb 2021 20:03:46 GMT","","","","HTTP/1.1","https://uzfutbolka.ru/wp-content/uploads/2017/07/%D0%91%D0%B5%D0%B9%D1%81%D0%B1%D0%BE%D0%BB%D0%BA%D0%B0-%D0%BF%D1%80%D0%BE%D0%BC%D0%BE-%D1%81%D0%B8%D0%BD%D1%8F%D1%8F2.jpg","2022-02-18 08:57:22"
"https://uzfutbolka.ru/wp-content/uploads/2019/05/beysbolka-promo-siniy-1.jpg","image/jpeg","200","OK","Indexable","","","0","0","","0","0","","0","","0","","0","","0","","","","","","","","","","163005","0","0,000","3","","1","1","3,850","0","0","0","0","","","","","","0,421","Fri, 19 Feb 2021 20:03:46 GMT","","","","HTTP/1.1","https://uzfutbolka.ru/wp-content/uploads/2019/05/beysbolka-promo-siniy-1.jpg","2022-02-18 08:57:26"
"https://uzfutbolka.ru/product-category/beysbolki/page/1/","","0","Connection Timeout","Non-Indexable","No Response","","0","0","","0","0","","0","","0","","0","","0","","","","","","","","","","0","0","0,000","3","","2","1","3,850","0","0","0","0","","","","","","","","","","","","https://uzfutbolka.ru/product-category/beysbolki/page/1/","2022-02-18 08:57:15"
"https://uzfutbolka.ru/product/beysbolka-tyomno-sinyaya/","","0","Connection Timeout","Non-Indexable","No Response","","0","0","","0","0","","0","","0","","0","","0","","","","","","","","","","0","0","0,000","3","","2","1","3,850","0","0","0","0","","","","","","","","","","","","https://uzfutbolka.ru/product/beysbolka-tyomno-sinyaya/","2022-02-18 08:57:16"
